,feature,weight
1139,mvn,1.0
1862,swi,0.9554634049089886
1798,sub,0.83474898538939
449,cpyle,0.7738270478463958
1735,strgt,0.7018172404762949
1038,movs,0.6354440266114211
1198,orr,0.6170393574928071
101,and,0.5606470085844982
1832,subgt,0.5493052325136765
1024,movcs,0.5441998958733092
675,ldrb,0.5406445175754353
335,bxeq,0.5372098250399773
729,ldrd,0.5268343726657106
387,cmn,0.5178933613196378
1831,subges,0.48084184612719916
1226,orrcs,0.47289847973356103
428,cmpcc,0.45429993785691714
1028,movge,0.4051112734652932
1826,subcs,0.3795673454272185
206,bcc,0.36946844477544394
1644,strb,0.36807840971058253
450,cpyls,0.3638377158430093
587,ldmdb,0.3636982971725809
84,adr,0.35884999515933974
1036,movnes,0.3390390302774969
1029,movgt,0.33412766056788235
646,ldr,0.32834959653945567
1332,rsbcs,0.3238896007942888
1946,tsthi,0.27994566181450203
1677,strbgt,0.27149059990472524
403,cmp,0.2703357614451667
2725,vselge.f64,0.2659934824280378
320,bx,0.26191644798039126
1556,stmdbge,0.2612060557519409
367,clz,0.25824558464877173
1579,stmiage,0.25410254818901745
285,ble,0.24450471563424364
1765,strhcs,0.24057236691075692
295,blne,0.23776533324851812
705,ldrbgt,0.23057975979147452
1778,strle,0.22516688029751086
48,addcc,0.22317576462374425
1830,subge,0.2162699049416755
208,bcs,0.2152948472178893
287,bleq,0.21520679192274578
508,eors,0.21206533700744704
1305,rsb,0.20902459636295462
179,asrs,0.20315087455853073
447,cpygt,0.2028362517912303
1684,strbpl,0.20026231620517002
235,bhi,0.19931440805783035
701,ldrbcc,0.19438004591545932
1736,strh,0.1933303733946797
760,ldrh,0.19040076393287242
1676,strbge,0.18950201955400187
1031,movle,0.184343020642397
1035,movne,0.17888368129034674
1114,mul,0.17612296106664818
515,fstmiax,0.17308704269108785
303,blx,0.17096196944326697
1118,mul.gt,0.16610536296694384
594,ldmdbge,0.16318031931109658
438,cmpne,0.16133191690836154
703,ldrbeq,0.1574315492977228
1451,smlawteq,0.15225017077921163
814,ldrls,0.14927197860376845
2381,vmax.u16,0.14737727937783426
1702,strd,0.14385775831886366
1688,strbteq,0.14266464485604957
2744,vshr.s32,0.14227549190833108
55,addgt,0.14178850406084584
433,cmphi,0.1379427770394145
1561,stmdblt,0.13689991245423225
517,it,0.13254114495037145
759,ldrgt,0.13189830736732483
2151,vceq.i8,0.1304643527054112
655,ldr.ge.w,0.1274011299152277
1635,str.w.ge,0.12487495213529817
542,ldcl,0.12437485281189507
1587,stmiapl,0.12247292203315738
49,addcs,0.12234972506678689
643,ldmibpl,0.12199657880519285
443,cpycc,0.1208990194559849
1927,tbh,0.12038341416811767
1924,sxthlt,0.11836751954746963
1355,rsceq,0.11574204052518192
1949,tstne,0.11509550349999886
2217,vcvt.gt.f64.u32,0.11464549589191195
1026,moveq,0.11455214429093423
1780,strlt,0.11301663895765783
2142,vbic.i16,0.11195818896038347
815,ldrlt,0.11165496933375886
993,mov,0.10836026455489742
674,ldr.w,0.1015731365442747
343,bxne,0.1006408965575655
292,blls,0.10052869344003391
676,ldrb.cc,0.09998196144452517
846,ldrsh,0.09704886133366755
69,adds,0.0962989137408423
2729,vshl.I8,0.09501784998863698
1573,stmia.ne,0.09398547155781892
710,ldrbmi,0.0935874986959448
135,andhi,0.09236055618891773
1631,str.w,0.09156919847582917
430,cmpeq,0.09120086421561403
1764,strhcc,0.08914099529055983
1655,strb.gt.w,0.08843364330012922
2639,vpmax.s16,0.08840281680178197
210,beq,0.08625952271848387
2324,vld4.32,0.07947082915752784
1489,stc2,0.07873418852060399
1707,strd.gt,0.07828587434821083
1604,str,0.07795343707896941
1820,sub.ne.w,0.07552545437782598
711,ldrbne,0.07482542713583393
514,fldmiax,0.073286247618976
1727,streq,0.07241614652278011
347,cbnz,0.07214996268902248
282,bl,0.07199525494449668
1032,movls,0.07097027443405639
1256,pop,0.07037823103060988
401,cmnmi,0.06972505924300879
2208,vcvt.f64.u32,0.06926919718418055
1193,orn.ne,0.06919675260701076
536,ldc2,0.06888155106393656
1346,rsbne,0.068854734001003
297,bls,0.06793236596796222
19,add,0.06773208058830386
51,addeq,0.06731879304794339
2168,vcmp.f64,0.06546433850614475
1928,teq,0.06508947114638593
2438,vmov.32,0.06490428839695503
59,addle,0.06366355182937894
973,mlaeq,0.06338337323919381
1742,strh.eq.w,0.06243755134066422
60,addls,0.06139898182420546
1023,movcc,0.061372754629021156
1495,stcl,0.060051533062524476
429,cmpcs,0.058151867380672004
974,mlaeqs,0.0578024241688213
1048,movt.ls,0.05754656900472074
1551,stmdb,0.0574090544881378
1567,stmia,0.057302036004271785
2007,uxtab.ne,0.0571955394605719
128,andcs,0.057114687082750866
638,ldmible,0.05686543030103114
1700,strcc,0.05581915457419442
1354,rscccs,0.055634452487924806
813,ldrle,0.05536414988523398
708,ldrbls,0.05478789669252484
1679,strble,0.0540215931549719
1267,push,0.053665246104124154
1074,movw.le,0.05282224000863467
2392,vmla.eq.f32,0.05216812928977739
1589,stmib,0.052057794291597695
688,ldrb.le,0.04902771452831634
1939,teqne,0.04879232301185725
1003,mov.gt,0.04860025004844248
348,cbz,0.04738909432607096
312,bne,0.047208355810329554
145,andnes,0.04696869358677896
1224,orr.w,0.04647484432841437
266,bichi,0.04600650843031672
1507,stclpl,0.04547707946171918
1836,suble,0.04545458290804103
810,ldrhne,0.04524850192875101
181,b,0.0451616630344928
605,ldmia,0.045021608422561844
1340,rsble,0.04459808472097803
801,ldrheq,0.04434657266537086
0,adc,0.04396132198414133
442,cpy,0.04284942417220539
47,add.w,0.04230398051934621
14,adcs,0.04208293252232733
959,mla,0.04129943155121362
978,mlale,0.04102791359550537
435,cmpls,0.040471890334550044
999,mov.eq,0.04045731604563352
1581,stmiahi,0.039756100881375205
130,andeq,0.03933678761726407
2327,vldmia,0.03913027258550508
1175,mvnnes,0.03862566006842622
65,addne,0.0385281848070441
2458,vmov.i32,0.03726597265877676
233,bgt,0.037005783198713886
704,ldrbge,0.03535059631722919
1859,subw.mi,0.03350053966538621
148,ands,0.03336028325599663
1177,mvns,0.03328584333832976
2783,vstmia,0.033274183374749425
57,addhi,0.03305110297363068
1680,strbls,0.032960171472582504
453,cpyne,0.03243856359651492
144,andne,0.03208160255881347
1015,mov.ne,0.03200568730076319
1599,stmibmi,0.0315186746001389
1266,pop.w,0.03108686132822348
908,lsls,0.030390800081724262
990,mls.ne,0.0299825173438777
1449,smlawb,0.029801141786502502
1682,strbmi,0.02941161319817524
937,lsrs,0.02913615486892577
278,bics,0.0288063675311857
137,andle,0.028758883445716178
1230,orrgt,0.028283981339100015
2400,vmla.le.f32,0.02786312872496249
356,cdpge,0.027452357019529413
1067,movw,0.02712571434502591
1380,sbcs,0.026793588962169334
1347,rsbpl,0.026726863914180336
1040,movt,0.02668858186414165
2104,vadd.hi.f32,0.026448999348989966
1353,rsc,0.026285557227681312
1675,strbeq,0.026245548628421083
1627,str.pl,0.026071872019474238
1822,sub.pl.w,0.025890945994548834
231,bge,0.025487422282734637
1011,mov.lt,0.025187434415893842
444,cpycs,0.025185986157212886
1138,muls,0.024927847655623375
712,ldrbpl,0.024553353682752917
1846,subpls,0.02451930671619071
446,cpyge,0.0244727874354887
1683,strbne,0.02416651511437474
1847,subs,0.02407655671091364
1678,strbhi,0.024057509657804094
892,lsl.hi,0.023782523551435043
2856,vsubl.u8,0.02365295524717206
985,mls,0.023591255827112353
451,cpylt,0.023337403839075607
835,ldrsbeq,0.023171150035538646
2649,vpop,0.0228801850399684
2373,vldrne.64,0.0225237034809444
2515,vmovmi.f32,0.020900657133187915
2229,vcvt.le.s32.f32,0.020836751171658285
619,ldmiaeq,0.020744485518071433
969,mla.mi,0.0206509983823079
1168,mvngt,0.02039330229943852
379,clzeq,0.02019704665036032
432,cmpgt,0.02018080952542851
529,ittt,0.019719945405004085
2300,vdup.32,0.019705199191285574
617,ldmiacc,0.01956693471717231
1662,strb.lt,0.019528661935405145
1701,strcs,0.019501410308219256
1940,tst,0.019182963648768245
1943,tsteq,0.019173388813720764
627,ldmiane,0.018995424179042653
1165,mvneq,0.018879337039251827
299,blt,0.01883244867158514
1348,rsbs,0.018624389703173098
938,lsrs.eq.w,0.018591771080519244
1030,movhi,0.01851738224193434
753,ldreq,0.018054269974608954
1033,movlt,0.018030798073230037
1782,strne,0.017861555814170448
1933,teqeq,0.017365486109475175
262,biceq,0.017329035186007428
1973,udiv,0.017053218449397157
2332,vldr.32,0.016933062458766458
461,eor,0.016925489926228186
960,mla.cc,0.01680594850249681
1231,orrhi,0.01660350475945606
805,ldrhi,0.0165957919598493
276,bicnes,0.0165236189302506
448,cpyhi,0.016509268864238338
936,lsr.w,0.016419851541714017
995,mov.cc,0.016165361799505007
1828,subeq,0.016163607788077666
445,cpyeq,0.015725737889635574
310,bmi,0.015668184525825714
1112,mrs,0.015299321756361183
1288,rev.eq,0.015049388680561531
1233,orrle,0.014831101347308152
1243,orrs,0.014705771480884202
2563,vmul.pl.f64,0.014382921059964934
1725,strdne,0.01414928922010606
1225,orrcc,0.013957501260103016
1824,subcc,0.013841471857221408
1336,rsbge,0.013824797237546873
1064,movtpl,0.01381463702568066
1240,orrnes,0.013804925070587651
53,addge,0.013704249276983858
339,bxle,0.013475212985411036
817,ldrne,0.013397309806728727
198,b.ne,0.01333529630820626
621,ldmiagt,0.013235078847525113
1344,rsbmi,0.013209045244745551
1823,sub.w,0.013099151191649594
758,ldrge,0.012983260051781267
2667,vqmovun.i32,0.012659458314984433
982,mlane,0.012572205016059108
1229,orrge,0.012449483180308269
2016,uxtb.cs,0.012314884703142374
1775,strhne,0.012195720308655726
1770,strhi,0.012011587505465061
182,b.cc,0.011864191146855229
237,bic,0.011835999114237692
1586,stmiane,0.011731280050949224
2297,vdivne.f32,0.011671837604095835
1227,orreq,0.011619690994094774
1371,sbc,0.011507256279273296
1174,mvnne,0.011266184158474022
2846,vsubeq.f64,0.011254954499494112
61,addlt,0.011091883955026584
1932,teq.w,0.01100178336950106
1731,strexd,0.010968227024331163
1166,mvneqs,0.010884532518028647
1334,rsbeq,0.010714697045687137
1113,msr,0.010597132741766739
525,itt,0.010545162907940005
681,ldrb.eq.w,0.010276390126443742
2200,vcvt.eq.s32.f64,0.010170452382121813
1172,mvnlt,0.01013606083762324
2627,vorr,0.010134676506583224
1840,sublt,0.00983128071916478
1246,orrs.w,0.009793200134571396
709,ldrblt,0.009759678755018117
1236,orrlt,0.009659138043977875
2731,vshl.s32,0.009489977476382283
1843,subne,0.00932695026590047
341,bxlt,0.009280675224365048
196,b.lt,0.008942614219399167
1338,rsbgts,0.008941499136534472
189,b.gt,0.008882003136385114
2651,vpush,0.00884685166761639
402,cmnne,0.008801282656630957
1239,orrne,0.008761759194190208
1037,movpl,0.008732338283730497
2013,uxtb,0.008659142374019685
2546,vmul.f64,0.008020813663341245
187,b.ge,0.007972497241075493
422,cmp.ne,0.007954310168563739
2171,vcmpe.f64,0.007840134268268505
1228,orreqs,0.00783338646306504
184,b.cs,0.007655534794895553
1972,udf,0.007609617879260863
1834,subhi,0.007562971476946843
192,b.le,0.0075585959974343525
2538,vmsr,0.007532410114202902
1976,umlal,0.007449993186504939
185,b.eq,0.007445959152345159
489,eoreq,0.0074104388014378025
997,mov.cs,0.007367411653312696
1578,stmiaeq,0.007255326593285716
291,blle,0.007206694755338963
631,ldmib,0.0071928509810203585
557,ldcmi,0.007112978920083522
1674,strbcs,0.007011264022512337
618,ldmiacs,0.006925039709278225
1401,sdiv,0.006920934017381043
133,andgt,0.006837624244848201
1392,sbfx,0.0068068274025742306
1027,moveqs,0.006755792299393655
1980,umull,0.006474972488926545
1238,orrmi,0.0064532134880619894
1202,orr.cs.w,0.00642725710131223
289,blgt,0.006360774614323894
340,bxls,0.006283870279140265
1302,rors,0.006174485107491791
727,ldrcc,0.006125855068892235
1450,smlawt,0.00607103064452319
622,ldmiahi,0.006027403669740549
624,ldmials,0.005967789810146998
1326,rsb.ne,0.005915138014530294
211,beq.w,0.005891496607597432
330,bx.ne,0.0058325310905363486
1681,strblt,0.005763432343762534
28,add.ge.w,0.0057610677711731366
1081,movwcs,0.005749105203346471
1841,submi,0.005675532639621371
298,bls.w,0.00566789077659865
194,b.ls,0.005577588139434781
702,ldrbcs,0.00557526249243598
1078,movw.ne,0.0055617738302840706
67,addpl,0.005520291388865603
1235,orrls,0.0055197130194134855
1034,movmi,0.005477434620717078
2827,vsub.gt.f32,0.00536956056653097
1339,rsbhi,0.005368794117307911
1686,strbtcc,0.005289871620366445
35,add.ls,0.005262845323923839
1585,stmiami,0.005260426346652221
1022,mov.w,0.0051515677278661945
1367,rscs,0.005116439176372273
518,ite,0.005104652980768387
700,ldrb.w,0.005068241966865628
314,bpl,0.005053468262988823
623,ldmiale,0.00505221558671489
345,bxpl,0.005002632319683579
2371,vldrmi.64,0.004972723863806874
1343,rsblt,0.004889020883094259
1905,sxth.gt.w,0.0048332126033904
1749,strh.le,0.004829727389557162
697,ldrb.ne.w,0.004779053690453945
1173,mvnmi,0.0047659590909598145
1672,strb.w,0.004709936438592716
2026,uxtb.le,0.0046854294234128435
809,ldrhmi,0.004663607335141365
620,ldmiage,0.004636027392643523
1897,sxtble,0.0045079639107196805
2411,vmlal.s32,0.004451397425033294
754,ldrex,0.004371792219788423
745,ldrdgt,0.004333455627153909
1438,smlalbteq,0.0043222224385498845
2560,vmul.ne.f32,0.004306889439903697
337,bxgt,0.004269616904294091
2786,vstr.32,0.004204130204056254
1536,stmda,0.004200942669499306
1128,muleq,0.004196600308100672
1164,mvncs,0.004172074377339551
1827,subcss,0.004141996221580649
1200,orr.cc.w,0.0041080408664609675
25,add.eq,0.004048281199189444
200,b.pl,0.004030260866946293
1137,mulpl,0.0040010666088293135
751,ldrdne,0.0039730947555470415
504,eorne,0.003958713068420575
2128,vaddl.u32,0.003932462523507822
2048,uxth,0.003904910886727797
696,ldrb.ne,0.0038424252842761343
1673,strbcc,0.003751912937792849
385,clzne,0.0037331710313121135
1440,smlalne,0.003679713928004727
63,addmi,0.0036337807137839595
1163,mvncc,0.0036329307589699285
1829,subeqs,0.003629802281568019
427,cmp.w,0.003578242288365929
2727,vshl.I32,0.0035554191720346636
260,biccc,0.003544602511046351
1861,svc,0.0035125347999252743
2417,vmlalt.f32,0.0034736534290618743
1094,mrc,0.003461835331928707
205,b.w,0.0034585946611649693
1854,subw.ge,0.003438132326855166
361,cdpmi,0.0034356714892521526
1007,mov.le,0.003414468801068066
1101,mrclt,0.003389596242608558
1467,smull,0.003384605387127565
799,ldrhcc,0.0033441902009540506
728,ldrcs,0.003272757549596871
859,ldrshcc,0.003270395405355648
255,bic.ne,0.003226813643701878
460,dmb,0.0032043885828319683
1774,strhmi,0.003122987497127299
275,bicne,0.003102103740036127
313,bne.w,0.0030308913168573598
1768,strhgt,0.003021111658007969
2072,uxth.w,0.002981001556053841
1951,ubfx,0.002961750742463555
2207,vcvt.f64.s32,0.0029508176285382983
325,bx.hi,0.0029349870270298064
1136,mulne,0.00292681872808836
743,ldrdeq,0.002912328883166772
141,andlt,0.0029075315321715834
257,bic.pl,0.0028790127059575552
336,bxge,0.002854390384345167
2339,vldr.ge.64,0.0028223094932727432
1284,rbit,0.0027809244507557736
70,adds.w,0.0027752595918478814
1779,strls,0.002774292896454041
719,ldrbtle,0.002752058743840623
234,bgt.w,0.0027279236845717124
1763,strh.w,0.0026883595025008616
126,andcc,0.0026503917605685532
626,ldmiami,0.0026472056939964876
1264,pop.ne,0.0026392450725943287
819,ldrsb,0.0026024086609380648
1342,rsbls,0.002573489500684801
1167,mvnge,0.0025611352062102875
1294,rev16,0.002555867652299106
652,ldr.eq,0.002535288691865318
197,b.mi,0.0025203124991118164
1169,mvnhi,0.0025066870023522717
2483,vmov.vc,0.0024944619147067287
1734,strge,0.0024870529836596342
2436,vmov,0.0024663705792328443
1588,stmiavs,0.0024476232363819066
1620,str.ls.w,0.0024032744279992154
1876,swivs,0.002363461030344356
491,eorge,0.002333827173934839
1577,stmiacs,0.0023316803190249506
1481,smultb,0.0023174238236524864
2528,vmrs,0.0023140312709983117
2333,vldr.64,0.0023027141966104094
1182,nop,0.002301055173791301
1717,strdeq,0.0022966007667410324
2833,vsub.i8,0.002272195967338087
186,b.eq.w,0.002258958593143397
911,lsls.w,0.002218502777445845
998,mov.cs.w,0.002193014016907531
1881,sxtb,0.002177469251686336
1842,submis,0.002122748594700957
496,eorle,0.002120675970521277
1926,tbb,0.002109852386707619
1990,umullhi,0.0020972025848760944
786,ldrh.w,0.0020091340246901034
270,bicls,0.0020062815714828814
2344,vldr.le.32,0.001995818171696149
1244,orrs.eq.w,0.001965819767947979
2032,uxtb.mi,0.0019623019760524577
1257,pop.cc,0.001933856491143829
15,adcs.w,0.0019109310179230535
1179,mvns.ne.w,0.001906463424650419
1039,movs.w,0.0019007813500786228
352,cdp2,0.0018772951816603746
726,ldrbvs,0.001859091068146364
398,cmnle,0.0018561510981608845
219,bfi,0.0018483882478176764
1584,stmialt,0.0018483736714504507
2551,vmul.i16,0.0018441775060562729
1260,pop.hi,0.0018382174164845437
2884,yield,0.0018078563653210421
2787,vstr.64,0.0018045343381670358
327,bx.ls,0.0017930791400080984
2203,vcvt.f32.f64,0.0017588463106866783
1802,sub.cs.w,0.0017464937839334071
316,bvc,0.0017072602899675356
1331,rsbcc,0.0016987476998228783
1416,smlabb,0.0016978356544529467
251,bic.lt,0.001696562954131616
1838,subls,0.0016714298471816676
2383,vmax.u8,0.001659160100468747
1692,strbtls,0.0016483086754808325
1282,push.w,0.0016301946783625646
1178,mvns.eq.w,0.001626676795871867
2771,vst1.64,0.0016258637904433722
431,cmpge,0.0016098333609705572
1848,subs.w,0.0015911274083688677
1930,teq.ne,0.0015877409184951363
976,mlagt,0.0015722145562791965
290,blhi,0.0015600986272451094
1217,orr.mi,0.001550710011294973
706,ldrbhi,0.0015422916303261182
1899,sxth,0.0015364209879718124
2099,vadd.f64,0.0015336547293287187
236,bhi.w,0.0015048696841155956
1600,stmibne,0.001497737991905788
1337,rsbgt,0.00149102167820771
1262,pop.lt,0.001489121873125473
2097,vadd.eq.f64,0.0014817652986642853
1088,movwlt,0.001468779708924545
1286,rev,0.0014631043013673053
2170,vcmpe.f32,0.001462340854277159
452,cpymi,0.0014570943330575003
634,ldmibeq,0.0014517930695827441
1141,mvn.cc.w,0.0014515088033605406
1299,ror,0.0014401472078016697
1205,orr.ge,0.0014356511629739215
907,lsl.w,0.0014342787448988934
207,bcc.w,0.001433729505757916
656,ldr.gt,0.0014245386653011039
2742,vshll.u8,0.001407483407870292
139,andls,0.001404365519347434
328,bx.lt,0.0014041304309141771
125,and.w,0.0013926656675041687
1203,orr.eq,0.0013891434077102642
2518,vmovn.i32,0.001380670935381432
2010,uxtah,0.0013722396918759944
454,cpypl,0.0013722356998350936
395,cmneq,0.0013602976451611915
2262,vcvt.s32.f64,0.0013508663279517509
2279,vdiv.f64,0.001340989009380513
300,blt.w,0.0013340201426201414
1766,strheq,0.0013303922392536882
1929,teq.eq.w,0.0013277013889090763
625,ldmialt,0.0012877944142673612
1293,rev.w,0.0012769396497832335
1886,sxtb.ls,0.0012735361186222152
2691,vqsub.u32,0.0012727951420388583
684,ldrb.gt,0.001271638127737438
571,ldm.w,0.0012606861122159644
1349,rsbs.w,0.0012365229525026272
1333,rsbcss,0.0012287433177933435
89,adr.le,0.0012116403297742656
940,mcr,0.001209237284751658
1772,strhls,0.0011934904764663572
2204,vcvt.f32.s32,0.001191335971904973
1522,stm,0.0011859986385852103
526,itte,0.0011814814474724953
2206,vcvt.f64.f32,0.0011728213564341102
132,andge,0.0011666863494607166
1090,movwne,0.0011653441859970296
436,cmplt,0.0011613639777874859
29,add.gt,0.0011606520704338188
333,bxcc,0.0011462594708048397
1009,mov.ls,0.0011457693418698844
2460,vmov.i8,0.0011434398003922828
232,bge.w,0.00114246071507255
93,adr.w,0.0011328586320466679
1261,pop.le,0.0011301007340171873
707,ldrble,0.0011296693164220477
2041,uxtbeq,0.0011275202293743562
2613,vnegne.f32,0.0011250205493287797
1971,ubfxne,0.0011140561863555935
1181,mvnvs,0.001112953281979117
1184,orn,0.0011043245891183948
2774,vst2.32,0.0011029631787583204
1454,smmla,0.001102718744763077
2867,vtbl.8,0.0011018503679583568
338,bxhi,0.0011010906066030472
1055,movteq,0.0010830448726360344
1706,strd.ge,0.0010805757950863699
2278,vdiv.f32,0.0010663290727641887
286,ble.w,0.0010650769437255826
1563,stmdbne,0.001061827422864893
424,cmp.pl,0.001056884646209372
1873,swine,0.0010476348340577545
1513,stcne,0.0010437533521295286
680,ldrb.eq,0.0010411064268735454
199,b.ne.w,0.0010410745514730535
2205,vcvt.f32.u32,0.0010392697666787715
1808,sub.gt.w,0.0010304499718881688
1771,strhle,0.0010301669958796653
1456,smmul,0.0010131114377936589
2772,vst1.8,0.0010117888719517831
996,mov.cc.w,0.0010030201442830858
2844,vsub.pl.f32,0.001002006412768529
789,ldrh.w.eq,0.0009957607001585835
1108,mrrcls,0.0009895669182912797
1082,movweq,0.0009889052258353793
642,ldmibne,0.0009848917455303119
2037,uxtb.w,0.0009771684250377314
1457,smulbb,0.0009761923745236774
2571,vmull.s16,0.0009749653526314697
73,addw,0.0009707406211833425
1171,mvnls,0.0009686025940755559
2035,uxtb.ne.w,0.0009646170605055175
2447,vmov.f64,0.0009629960094987276
505,eornes,0.0009599820264724288
2302,veor,0.0009580814916338492
121,and.ne,0.0009568028298461402
1084,movwgt,0.0009549835104182772
1434,smlal,0.0009537324971821287
1801,sub.cs,0.0009537261918837462
876,ldrtls,0.0009510992375558375
1245,orrs.ne.w,0.0009498507646529505
2314,vld1.32,0.000943324406688755
1769,strhhi,0.000932387849298337
149,ands.ne,0.0009322430227862593
2220,vcvt.gt.u32.f64,0.0009209848848270216
230,bfine,0.0009180406292008086
1535,stm.w,0.0009157751150650526
1728,strex,0.0009075919798454296
1001,mov.ge,0.0008936901750182869
1010,mov.ls.w,0.0008926110501764167
1594,stmibgt,0.0008911581591489104
531,itttt,0.0008896544289582302
653,ldr.eq.w,0.0008887047769652352
1006,mov.hi.w,0.0008845264834668025
2167,vcmp.f32,0.000884340862944855
39,add.mi,0.0008840836995677562
493,eorgt,0.0008802788567116935
1016,mov.ne.w,0.0008764372935230316
2503,vmovl.u16,0.0008736302828219954
1086,movwle,0.0008727094695613998
1295,rev16.w,0.0008694306660639805
774,ldrh.le.w,0.0008679513246605513
1488,stc,0.0008659930204480606
2749,vshr.u64,0.0008573718916941607
2497,vmovgt.f64,0.0008563319032494837
984,mlas,0.0008551201357971766
218,bfcne,0.00085494538404149
2545,vmul.f32,0.0008500079508679953
2690,vqsub.u16,0.0008417066787184094
685,ldrb.gt.w,0.0008335202271702886
439,cmppl,0.000832828863595432
1743,strh.ge,0.0008285867222729945
2446,vmov.f32,0.0008189984875703022
916,lsr.eq,0.0008164116227370272
334,bxcs,0.000809688000436008
1361,rscle,0.0008096710939155549
1996,usada8,0.0008056254488620011
2415,vmlal.u8,0.0008024919531792001
2393,vmla.f32,0.0008019686187593426
2315,vld1.64,0.0008004599818524697
2420,vmlane.f64,0.0007965633693434812
1043,movt.eq,0.0007945741334044972
490,eoreqs,0.0007928856539078515
1639,str.w.ls,0.0007907114922115985
294,blmi,0.0007886624485723601
2316,vld1.8,0.0007873439684557371
1201,orr.cs,0.0007870203411857541
1195,orn.w,0.0007811924877825133
668,ldr.ne,0.0007760295433708732
2522,vmovne.f64,0.0007751703997371553
2421,vmls.f32,0.000773298270906995
1797,strvs,0.0007711260190344251
2879,vzip16,0.0007702751654855185
2132,vaddne.f32,0.0007614894105656185
1005,mov.hi,0.0007586068516098136
1308,rsb.cs,0.0007581389239624057
858,ldrsh.w,0.0007548068580785309
1942,tst.w,0.0007537548321885208
2832,vsub.i64,0.000751302760143218
209,bcs.w,0.000751072790524709
1253,pld,0.0007468890865026368
1073,movw.hi,0.0007468582735797649
2140,vand,0.0007464429277626238
2108,vadd.i8,0.0007444898742061284
434,cmple,0.0007401120876588259
2824,vsub.f32,0.000737301317079172
322,bx.eq,0.0007337084809191563
2147,vcadd.f32,0.000727148629077347
1499,stcleq,0.0007211711650098354
1811,sub.le,0.0007210347233397162
288,blge,0.0007176205579077638
1199,orr.cc,0.0007170879478563302
2861,vsubmi.f64,0.0007146615466676593
1931,teq.ne.w,0.0007144246134266891
2372,vldrne.32,0.0007105404956193969
1483,smulwb,0.0007013210670334996
869,ldrshne,0.0006997958028175966
2299,vdup.16,0.0006980138529321074
2825,vsub.f64,0.0006975228702414952
894,lsl.le,0.00069721758127421
756,ldrexd,0.000695406062304776
1796,strvc,0.0006951073147106213
321,bx.cc,0.000694009147971398
2359,vldrge.64,0.0006932558612937446
1269,push.cc,0.0006919984511462611
264,bicge,0.0006914907497914939
2252,vcvt.ne.s32.f64,0.000690747633859628
2098,vadd.f32,0.0006876700128312875
2173,vcmpe.gt.f32,0.0006861146447451731
2130,vaddmi.f32,0.0006813059630149472
1925,sxthne,0.0006801613511388748
1592,stmibeq,0.0006791447147887693
2870,vtrn.32,0.0006784447621935877
765,ldrh.eq,0.0006780249507345663
1476,smullgt,0.0006726152666342446
304,blx.eq,0.0006713032370862242
2751,vshrn.16,0.0006683409727029091
1306,rsb.cc,0.0006637129760047783
1183,nop.w,0.0006554064769538495
2803,vstreq.32,0.0006536230229290292
1872,swimi,0.0006532349271340939
1807,sub.gt,0.0006491580843723343
324,bx.gt,0.0006477480351074464
1664,strb.mi,0.0006445790074045542
941,mcr2,0.0006396391219003803
2106,vadd.i32,0.000638032300651107
26,add.eq.w,0.000635621767554403
1000,mov.eq.w,0.0006355441775854693
1382,sbcscc,0.0006352420095264851
1550,stmdavs,0.0006349874962932288
1609,str.eq,0.0006339680643992647
2177,vcmpe.le.f32,0.0006305227655291033
2619,vnmls.f64,0.0006261912602030578
1868,swihi,0.0006257265965349434
1490,stc2l,0.0006199706899998862
301,blvc,0.000617108534090194
1557,stmdbgt,0.0006151732925565549
178,asr.w,0.0006141173931744622
1330,rsb.w,0.000613687796939974
1012,mov.lt.w,0.0006126519683185568
2698,vrev32.8,0.0006103637960821551
2477,vmov.pl.f32,0.0006071929336933299
1058,movthi,0.000605990303814997
1180,mvns.w,0.0006043917017033207
1013,mov.mi,0.0006041933315593207
1089,movwmi,0.0006032167058119409
1803,sub.eq,0.0006029452524407464
1170,mvnle,0.0006021183360606688
1909,sxth.le.w,0.0005945064039264387
1661,strb.ls.w,0.0005923287660280489
1636,str.w.gt,0.000590302248935626
966,mla.le,0.0005882119745285006
1625,str.ne,0.0005871285393888228
2507,vmovle.f64,0.000582836282530798
1948,tstmi,0.0005817116552946158
1063,movtne,0.0005792987020270646
1553,stmdbcc,0.0005776092016183256
2042,uxtbge,0.0005774422073456138
2589,vneg.f32,0.0005742833474311996
816,ldrmi,0.0005729054533269628
2746,vshr.s8,0.0005717770846219042
1852,subw,0.0005715090658554835
281,bkpt,0.0005705533692962629
1634,str.w.eq,0.0005701955188394019
2770,vst1.32,0.0005698362769459211
2819,vstrne.64,0.0005692486504049177
1070,movw.eq,0.0005684986338804167
1002,mov.ge.w,0.0005660908943930071
535,ldc,0.000566035824391071
1083,movwge,0.0005650051593393373
2672,vqrshrn.u8,0.0005611232078203455
485,eorcc,0.0005605320159897263
1133,mulls,0.000556778930640248
1087,movwls,0.0005547370268841064
2265,vcvt.u32.f64,0.0005541480920978637
1071,movw.ge,0.0005539826086100324
1008,mov.le.w,0.000553233241170279
2045,uxtble,0.0005517858119213284
2517,vmovn.i16,0.0005499924205164114
1569,stmia.cs,0.0005496055565264559
1722,strdls,0.0005465038573208279
1687,strbtcs,0.0005458477510488018
519,itee,0.0005458328001702971
1785,strtcc,0.0005450012086523254
1767,strhge,0.0005443090074470227
1986,umulleq,0.000543022550925601
293,bllt,0.0005425195652956936
663,ldr.ls.w,0.0005421280395745664
2020,uxtb.ge,0.0005405825418651176
1465,smulbbne,0.0005366103173545329
2046,uxtbls,0.0005364459103120193
1144,mvn.eq,0.0005347254807615337
37,add.lt,0.0005308483210611173
669,ldr.ne.w,0.0005291433290944652
1532,stm.mi.w,0.0005286190693069804
2250,vcvt.ne.f64.s32,0.0005279776771640386
1426,smlabbhi,0.0005278482441255874
2701,vrev64.8,0.0005265195403521054
1783,strpl,0.0005263332630822962
1140,mvn.cc,0.0005253276720475092
2582,vmulne.f64,0.000523020270284662
779,ldrh.mi,0.0005227928814486849
2076,uxthge,0.0005214533007778747
1697,strbtvs,0.00052105665437838
2581,vmulne.f32,0.0005199169437607265
1096,mrccc,0.0005165975718734216
1642,str.w.ne,0.0005158126477766715
498,eorls,0.0005129918797104439
150,ands.w,0.0005124441203996996
2633,vpadd.i16,0.0005082271307994609
1131,mulhi,0.0005070903357469432
2850,vsubhi.f64,0.0005059497136160818
1130,mulgt,0.0005040225267587916
989,mls.lt,0.0004989708728088663
2362,vldrhi.32,0.0004969654387912747
1447,smlatt,0.0004952075826445472
637,ldmibhi,0.0004952061188230922
694,ldrb.mi,0.0004931263652077912
1967,ubfxhi,0.0004916837779598064
2719,vrshrn.8,0.0004896764899893282
890,lsl.gt,0.000489404412177829
658,ldr.hi,0.0004893597891767061
2089,vabs.f64,0.0004885609516083996
1377,sbcls,0.00048804049862185693
1732,strexeq,0.00048614287437967794
22,add.cc.w,0.00048470944105856445
212,bfc,0.000480018673171901
2444,vmov.eq.f32,0.0004796314542535661
1414,sha256su0.32,0.0004788629959369517
1613,str.gt,0.00047826085362456637
1146,mvn.ge,0.0004761323337890499
1650,strb.eq,0.00047478482880801166
1287,rev.cc,0.00047213856081371663
1793,strtpl,0.00047175436815796306
1356,rsceqs,0.00047155962546024835
797,ldrh.w.ne,0.0004694241765921519
1816,sub.lt.w,0.00046629878688601856
2094,vabs.s8,0.000464885776603773
1637,str.w.hi,0.00046451604472829956
1754,strh.lt.w,0.00046374853746297646
698,ldrb.pl,0.00046357425367555004
1667,strb.ne.w,0.0004635611814962279
2577,vmullt.f32,0.000463550217861791
1504,stcllt,0.00046210865832772775
877,ldrtmi,0.0004619589756978929
1014,mov.mi.w,0.00046171735391387856
1498,stcle,0.0004604496290835866
2766,vsri.32,0.0004595687479892556
2696,vrev16.8,0.0004574033781545537
2490,vmoveq.f32,0.00045692175740575416
2082,uxthne,0.0004569214889394661
271,biclt,0.0004569059265173346
369,clz.eq,0.0004560013611278755
2697,vrev32.16,0.00045587898241730853
912,lsr.cc,0.0004538339921804049
882,lsl.cc,0.0004527590915779816
315,bpl.w,0.0004524287615518478
423,cmp.ne.w,0.0004499484361043405
1805,sub.ge,0.0004487856581702549
2139,vaddw.u8,0.0004484256353837659
1219,orr.ne,0.0004475422598735903
30,add.gt.w,0.0004450895629438151
1745,strh.gt,0.00044480459312009767
43,add.pl,0.0004446504737438867
555,ldclt,0.0004445423015925781
639,ldmibls,0.00044449164519425136
2006,uxtab.eq,0.00044447769561086734
1889,sxtb.mi,0.0004440953919037611
776,ldrh.ls.w,0.00044316404505995724
1289,rev.ge,0.0004424944442055106
572,ldmda,0.000441741526470418
1298,revsh,0.00044137379100068043
884,lsl.cs,0.00044108659030492797
2704,vrhadd.u16,0.00044088386596868195
2145,vbit,0.000439360557988188
279,bics.w,0.00043756311760166113
2428,vmlseq.f32,0.00043562692293732253
2778,vst3.8,0.00043438068560421587
1129,mulge,0.0004336949811990581
2463,vmov.le.f64,0.00043268781075129744
1318,rsb.le,0.00043195704028992554
2514,vmovmi,0.0004308440503160299
1910,sxth.ls,0.0004300625440513843
2510,vmovls.f64,0.00042942458556483607
2043,uxtbgt,0.00042704407575875106
1159,mvn.ne,0.0004268565882200758
804,ldrhhi,0.0004250031221750674
2525,vmovpl.f64,0.00042483875307093886
1773,strhlt,0.000424831245767034
484,eor.w,0.0004247569285868496
1525,stm.eq,0.00042471614919650384
1319,rsb.le.w,0.00042433159953322115
2003,uxtab,0.000424034035001038
1810,sub.hi.w,0.00042376579588806606
769,ldrh.gt,0.00042293951336646213
1324,rsb.mi,0.0004223127947215705
2606,vneg.s8,0.000422257308452321
1115,mul.cc,0.00042169306764700866
1121,mul.ls,0.00042160434147556295
1309,rsb.cs.w,0.00042039525759896376
2473,vmov.ne,0.000419750592949156
1412,sha256h.32,0.00041958435124054986
569,ldm.mi.w,0.00041888405848927376
2734,vshl.u16,0.0004186637230677529
1885,sxtb.le.w,0.0004174644430863311
1204,orr.eq.w,0.00041743344153424394
661,ldr.le.w,0.0004171162480077162
2740,vshll.u16,0.00041685746933587114
2439,vmov.8,0.0004157424709495892
2869,vtrn.16,0.0004157048184622846
2535,vmrsne,0.00041552552691131637
1975,umaaleq,0.00041523437966675285
886,lsl.eq,0.00041437224670109335
1317,rsb.hi.w,0.0004137742233199391
1865,swieq,0.000413740088445769
458,crc32h,0.0004135891338721171
544,ldclcs,0.00041296752776084103
1866,swige,0.0004118725121000215
2750,vshr.u8,0.00041125841216441985
27,add.ge,0.00041077647076044366
2748,vshr.u32,0.0004089970763013216
1668,strb.pl,0.00040871031371386615
1311,rsb.eq.w,0.00040837732930030997
672,ldr.vc,0.0004081523828224445
1781,strmi,0.00040656929264385535
302,blvs,0.0004063245510908774
2412,vmlal.s8,0.00040631351750604295
2590,vneg.f64,0.00040596130697194085
1145,mvn.eq.w,0.0004058820037831357
2521,vmovne.f32,0.0004056330047851389
1279,push.pl,0.00040475543179972604
2678,vqshl.u64,0.00040367449310988953
1249,pkhbt,0.00040353503430142585
1310,rsb.eq,0.00040304371601179885
1617,str.le,0.0004025947865851845
409,cmp.eq.w,0.00040223930222219734
1605,str.cc,0.00040218533898502955
1004,mov.gt.w,0.0004020875203909717
716,ldrbtge,0.0004013932173300842
146,andpl,0.00040109676388725037
1411,sha1su1.32,0.0003983122645617469
1148,mvn.gt,0.00039750748380353864
914,lsr.cs,0.00039546958168516246
2657,vqadd.u32,0.0003932801708856748
2154,vcge.u8,0.00039306255271431953
2394,vmla.f64,0.00039273557341458796
2524,vmovpl.f32,0.00039252485967932577
1487,ssathi,0.0003917148796004688
764,ldrh.cs.w,0.00039166628733159676
131,andeqs,0.0003915094897614064
1666,strb.ne,0.0003899857852761208
2496,vmovgt.f32,0.0003892653783643684
1755,strh.mi,0.0003889631741461731
2505,vmovle,0.0003874462034684546
2410,vmlal.s16,0.00038700685414317705
1057,movtgt,0.0003864010964669196
2282,vdiv.gt.f64,0.0003852459718690932
961,mla.cs,0.0003848239440100707
662,ldr.ls,0.000384726337585359
1303,rrx,0.00038466803179017494
1105,mrrc,0.00038439972835919875
1621,str.lt,0.0003842373425076728
2087,vabd.u8,0.00038359583457908285
2511,vmovlt,0.0003805619385609287
2303,vext.8,0.00038036075916557296
933,lsr.ne.w,0.00038009369707545467
1611,str.ge,0.00038001067479409236
628,ldmiapl,0.00037979546520000205
1738,strh.cc.w,0.00037868647995375397
2264,vcvt.u32.f32,0.00037819498181202046
1898,sxtbne,0.00037751295587270986
2480,vmov.s32,0.00037749226742775637
1085,movwhi,0.00037650538723050375
537,ldc2l,0.0003764388996178644
2272,vcvtne.f64.f32,0.00037603608906368384
1017,mov.pl,0.00037500485744424236
1468,smull.eq,0.000374119411629257
650,ldr.cs,0.0003722582716090486
1444,smlatb,0.000372245831093501
1364,rsclts,0.00037208760686716807
2493,vmovge.f32,0.00037171639879095866
2075,uxtheq,0.00037079404352421036
319,bvs.w,0.00036974928835973144
781,ldrh.ne,0.0003691364702279442
2621,vnmul.f32,0.0003682205254486328
875,ldrtle,0.00036776450725943744
1466,smulbt,0.0003673143245549352
2301,vdup.8,0.0003672909523078878
807,ldrhls,0.00036702426542180674
2626,vnmul.pl.f32,0.00036685557723207374
1574,stmia.vc,0.0003662996977407757
2452,vmov.gt.f32,0.00036608270473245473
2604,vneg.s16,0.00036571751520959536
1730,strexb,0.00036500334906097075
2422,vmls.f64,0.0003641439759925499
1435,smlal.eq,0.0003639808837306137
2828,vsub.gt.f64,0.00036381855584034783
1817,sub.mi,0.0003637174416135278
806,ldrhle,0.0003627575421527241
41,add.ne,0.0003624108299375742
1316,rsb.hi,0.0003621949877526563
2107,vadd.i64,0.0003619193021831648
1570,stmia.eq,0.0003613719396380079
1626,str.ne.w,0.00036057970956735087
2859,vsublt.f64,0.00035939457701343467
1020,mov.vs,0.0003593497395565533
2758,vsqrt.f64,0.0003568281987427515
800,ldrhcs,0.0003567364182309439
857,ldrsh.ne.w,0.0003566502210509996
1107,mrrcgt,0.0003566430088301918
1152,mvn.le.w,0.00035434210133192566
2579,vmulmi.f32,0.00035395451994045394
1478,smullle,0.00035341806280199774
1845,subpl,0.00035235600670990874
861,ldrsheq,0.0003520118211484257
1019,mov.vc,0.00035196355297099517
1102,mrcmi,0.0003511799110605961
1381,sbcs.w,0.0003510743757917663
226,bfieq,0.00035083843168315457
1208,orr.gt.w,0.00034969323664804164
1518,stlex,0.0003493982827488229
691,ldrb.ls.w,0.00034936239505841413
1554,stmdbcs,0.00034779145591613304
2799,vstr.mi.64,0.0003473493144579677
2644,vpmax.u8,0.0003471555394138915
1992,umullls,0.00034710779214138963
2038,uxtb16,0.0003465657573772434
1437,smlalbt,0.0003458648935415046
2083,vaba.s16,0.0003457783543252224
2562,vmul.pl.f32,0.0003457393092759866
725,ldrbvc,0.00034506612168605955
2659,vqadd.u8,0.00034420730347773173
261,biccs,0.00034346676581172025
2360,vldrgt.32,0.0003432372144556828
840,ldrsbls,0.00034296180240767386
888,lsl.ge,0.0003429465718152458
1982,umull.eq,0.0003425957381444201
975,mlage,0.00034193204884905873
2403,vmla.lt.f32,0.00034168935016688106
909,lsls.eq.w,0.0003413167301027922
2336,vldr.eq.32,0.00034013730277975446
2176,vcmpe.hi.f64,0.0003398653289117119
1529,stm.ls,0.0003395748595018869
2135,vaddw.s16,0.00033957055831573547
2261,vcvt.s32.f32,0.0003388987282903001
1366,rscmis,0.0003383676665473597
1699,strbvs,0.0003377984223972378
2361,vldrgt.64,0.0003372277528213642
2228,vcvt.le.f64.u32,0.00033709070201651356
1993,umullne,0.00033687909339175554
1867,swigt,0.00033653751893990643
2692,vqsub.u8,0.000336454455692837
734,ldrd.gt,0.000335834305051365
1157,mvn.mi,0.0003356885374777785
1892,sxtb.w,0.0003345852055431437
910,lsls.ne.w,0.0003343493012729024
2817,vstrmi.64,0.0003340600364747286
2474,vmov.ne.f32,0.00033394964628911445
1541,stmdagt,0.0003332167583102347
1748,strh.hi.w,0.0003331949060661194
1863,swicc,0.00033117990783637256
2044,uxtbhi,0.0003289544573411972
2028,uxtb.ls,0.0003288567316305297
733,ldrd.ge,0.0003286845745363931
2215,vcvt.gt.f64.f32,0.0003279268046894538
654,ldr.ge,0.00032767202324518165
1580,stmiagt,0.0003276395801519889
1665,strb.mi.w,0.00032757462371561666
2785,vstmiaeq,0.0003275694004518771
1545,stmdalt,0.0003275353199260735
737,ldrd.lt,0.00032713343385406017
1757,strh.ne,0.00032644876155878784
2506,vmovle.f32,0.0003262471628930443
601,ldmdbne,0.0003254670840258198
1360,rschis,0.0003252657601831733
1307,rsb.cc.w,0.0003249506297555068
1638,str.w.le,0.0003242297072628165
1549,stmdavc,0.0003241781941829244
44,add.pl.w,0.0003237895480884305
1648,strb.cs,0.0003233783619944156
1758,strh.ne.w,0.0003224422536894997
1162,mvn.w,0.00032138756367826755
520,iteee,0.0003211582333013956
897,lsl.ls.w,0.0003210724146010547
2001,usatls,0.0003203908188546049
2427,vmls.ne.f32,0.0003199671657522252
1583,stmials,0.00031950014820596303
2186,vcmpe.pl.f32,0.00031948892389023194
1446,smlatbeq,0.00031853763369724786
667,ldr.mi.w,0.00031831671385956843
1384,sbcsgt,0.0003173815545180828
2235,vcvt.ls.u32.f64,0.00031724708161281025
2088,vabs.f32,0.0003166103597933437
1270,push.cs,0.0003162577078698752
1120,mul.le,0.0003149757046339223
931,lsr.mi.w,0.00031484533073178605
2256,vcvt.pl.f64.s32,0.0003141058738781236
106,and.eq,0.0003137782027293038
1542,stmdahi,0.00031249096347436264
1969,ubfxls,0.00031175782499682727
1864,swics,0.0003115023711533928
1527,stm.gt,0.0003105487160141122
2172,vcmpe.ge.f32,0.0003105371616914034
2440,vmov.cc,0.00031047676037114876
1092,movwvc,0.0003102250271299133
1051,movt.ne,0.00031018373751121915
1044,movt.ge,0.0003099824601704733
715,ldrbteq,0.00030980894858467295
1321,rsb.ls.w,0.0003094936795680111
635,ldmibge,0.0003091141747324753
971,mlacc,0.00030873061059919686
2397,vmla.gt.f64,0.00030822404878214977
1645,strb.al,0.000308191684493507
2161,vcgt.u8,0.0003077724076670043
2653,vqadd.s32,0.00030678738241486734
930,lsr.mi,0.0003062047049721399
2471,vmov.mi.f32,0.0003056911980516005
2111,vadd.ls.f32,0.0003056083037450919
1970,ubfxlt,0.0003055388612902738
2319,vld2.8,0.0003053933381245089
651,ldr.cs.w,0.00030445336514760214
802,ldrhge,0.0003044459415267119
1777,strhteq,0.0003043466409985182
2622,vnmul.f64,0.00030426027260459476
2516,vmovmi.f64,0.0003038864522918651
2765,vsri.16,0.000303424410120502
1430,smlabt,0.00030332025221407194
1296,rev16ne,0.000303225263891433
1492,stccs,0.0003032137235530731
1795,strtvs,0.00030268424305058086
2225,vcvt.le.f32.s32,0.000302652259659449
1473,smulleq,0.0003025694579840395
695,ldrb.mi.w,0.00030245397300575957
2508,vmovls,0.000302230824346524
2377,vmax.f32,0.0003020390626965747
1612,str.ge.w,0.0003016260878367151
1098,mrcge,0.000301488750266905
1393,sbfx.eq,0.0003010516378958724
682,ldrb.ge,0.0003009794823699256
865,ldrshle,0.00030080419668559435
2357,vldreq.32,0.0003007971237140166
2137,vaddw.s8,0.0002999816009205586
1917,sxth.w,0.0002998527986771581
1657,strb.hi.w,0.00029947198838449273
1314,rsb.gt,0.00029938507900230914
2550,vmul.hi.f32,0.0002993661637543896
1698,strbvc,0.00029929328685408634
2792,vstr.gt.32,0.0002990108853447938
2329,vldmiaeq,0.00029885329692312885
939,lsrs.w,0.0002983788355317324
2863,vsubne.f64,0.0002978664970173418
2498,vmovhi,0.0002978237962937962
487,eorcs,0.0002975851769960835
2355,vldrcs.32,0.0002974814762027526
259,bic.w,0.0002970461023452649
2755,vsli.64,0.00029680110074132795
2467,vmov.lt,0.000295967965874669
2629,vpadal.s32,0.00029575937352571756
1079,movw.pl,0.0002954981433784618
1126,mulcc,0.0002953783943514641
2489,vmoveq,0.00029536528659446497
880,ldrvc,0.0002951721136199469
629,ldmiavc,0.0002949109440175036
1045,movt.gt,0.00029487757185160565
1213,orr.ls,0.00029415851655785095
1479,smulllt,0.0002939638994621092
2650,vpopeq,0.0002931398021135521
2079,uxthle,0.0002931152640151189
2328,vldmia.gt,0.00029263839131904733
925,lsr.le.w,0.00029255611438812795
1341,rsbles,0.0002925429940197902
792,ldrh.w.hi,0.0002921741174285744
1916,sxth.ne.w,0.0002918922290641733
2126,vaddl.s8,0.00029113116130857205
2295,vdivgt.f32,0.0002908502779954822
664,ldr.lt,0.00029069564746651193
410,cmp.ge,0.0002906082803698519
874,ldrthi,0.0002905500033043517
2520,vmovne,0.0002904512687937997
1329,rsb.pl.w,0.00029040680745914756
2459,vmov.i64,0.00028998806072996856
1564,stmdbpl,0.0002899437202657212
1276,push.ls,0.0002898128636491004
1964,ubfxcc,0.000289761913902688
2376,vldrvs.64,0.0002886198663217331
538,ldccc,0.0002883579470876346
649,ldr.cc.w,0.00028835167457087925
895,lsl.le.w,0.00028779051240858107
2116,vadd.ne.f32,0.0002876289938400909
2814,vstrls.64,0.00028757460427751954
2632,vpadd.f32,0.0002873501732707181
2670,vqrshl.u64,0.0002873102632455526
2804,vstreq.64,0.000286912986501267
1844,subnes,0.00028637671654129654
928,lsr.lt,0.0002862289582970529
2773,vst2.16,0.0002858040248980289
2331,vldmiane,0.00028563326840375417
2464,vmov.ls,0.00028558530979315384
1480,smullne,0.0002855124055631572
772,ldrh.hi.w,0.0002853257153410081
607,ldmia.cs,0.0002852363072705068
943,mcrcs,0.000284870095555926
2857,vsuble.f64,0.0002848030920022463
977,mlahi,0.0002841136948313593
1708,strd.hi,0.000283067051566135
2236,vcvt.lt.f32.s32,0.0002825838243277772
780,ldrh.mi.w,0.0002816670302107581
1221,orr.pl,0.00028160017368112305
1066,movvs,0.0002814139492978785
2574,vmull.u16,0.00028125317731824014
2146,vbsl,0.0002807287984453418
1312,rsb.ge,0.00027995811658821756
2305,vhadd.s32,0.00027989497791627507
1514,stcpl,0.0002795710244071836
1882,sxtb.eq,0.00027949757152946066
2117,vadd.ne.f64,0.00027896340772862627
1890,sxtb.ne,0.0002789438441195161
1752,strh.ls.w,0.0002787365207722844
2226,vcvt.le.f64.f32,0.00027832899155652905
2386,vmin.s16,0.0002782847135363698
1715,strdcc,0.0002771252983562261
2398,vmla.i16,0.0002768797413005944
1511,stclvs,0.00027681209666843365
1153,mvn.ls,0.00027625713393493017
1248,orrvss,0.0002761616333636268
1470,smull.le,0.0002760575589882636
1285,rbitne,0.00027547444656178397
2808,vstrgt.64,0.0002751432513059593
1516,stcvs,0.0002751417037646838
1093,movwvs,0.00027502339460760603
1947,tstle,0.000274938980115038
1633,str.w.cs,0.0002745285381960497
991,mlseq,0.00027401944102735403
1922,sxthle,0.0002738505244846316
2705,vrhadd.u8,0.000273636697953653
2536,vmrspl,0.00027363563621190785
2872,vtrn.8,0.00027359828078830245
1429,smlabbne,0.00027352731620245644
2707,vrshl.s32,0.00027343971520815306
1220,orr.ne.w,0.0002734083244064042
1018,mov.pl.w,0.0002730288105817186
1160,mvn.ne.w,0.0002729750213745287
2093,vabs.s32,0.00027285433480724844
1054,movtcs,0.0002727220965619192
843,ldrsbne,0.00027268036658322094
1871,swilt,0.000272660246524652
841,ldrsblt,0.00027233952050253395
640,ldmiblt,0.00027152120941638293
1623,str.mi,0.0002714990758616177
818,ldrpl,0.00027146679476458356
2671,vqrshrn.s16,0.00027129348071474663
2273,vcvtne.f64.s32,0.0002709848742320746
2759,vsqrt.ge.f64,0.0002708410149828813
2706,vrshl.s16,0.000270566394571883
1250,pkhbt.w,0.0002705099062538022
2580,vmulmi.f64,0.0002700024553909298
1047,movt.le,0.00026990663480059933
1660,strb.ls,0.00026949866507794304
932,lsr.ne,0.0002691939346936156
2158,vcgt.s8,0.0002691908899824624
2469,vmov.lt.f64,0.00026902969818306383
2081,uxthlt,0.00026872571897280993
903,lsl.ne.w,0.0002685613742050815
2541,vmul.I32,0.0002669731540796901
1080,movwcc,0.0002668356573494376
1327,rsb.ne.w,0.0002666837948068206
956,mcrrne,0.0002666343607955676
2103,vadd.gt.f64,0.0002664305696256268
2666,vqmovun.i16,0.00026636564010591127
2399,vmla.i32,0.00026624760533391136
1106,mrrc2,0.0002660125957808919
2025,uxtb.hi.w,0.0002659930299014012
713,ldrbt,0.0002657732982273584
1918,sxtheq,0.0002657609036114377
1759,strh.pl,0.0002654870460623687
783,ldrh.pl,0.00026546632196312273
2813,vstrls.32,0.0002654232957390807
2533,vmrsls,0.0002652943755928777
1762,strh.vs,0.0002642030890464605
2812,vstrle.64,0.00026416596066803006
2320,vld3.16,0.000264083731403605
1241,orrpl,0.0002639786702083694
1397,sbfx.ne,0.0002638763487987948
1632,str.w.cc,0.000263871417158512
2564,vmuleq.f32,0.000263741698034495
2754,vsli.32,0.0002629602677175804
2306,vhadd.s8,0.00026291763378722685
721,ldrbtmi,0.00026249159766971353
614,ldmia.lt,0.00026223438209995484
2594,vneg.le.f32,0.00026217785312434547
2714,vrshr.u16,0.000262083398925278
1464,smulbblt,0.0002619529068988027
1720,strdhi,0.0002612612307429246
1753,strh.lt,0.0002612037746520787
2238,vcvt.mi.f32.f64,0.00026101279147042357
2218,vcvt.gt.s32.f32,0.0002605200951013304
2481,vmov.u16,0.000260436423800746
879,ldrtvc,0.00026031649490557336
2068,uxth.ne,0.0002603061931914106
1378,sbclt,0.00026030279938647484
1150,mvn.hi.w,0.0002602171955367954
2818,vstrne.32,0.0002601591811406575
2665,vqmovn.i32,0.0002600709104622921
2309,vhadd.u8,0.0002600431188351274
1322,rsb.lt,0.0002599658394442216
1091,movwpl,0.0002599332295465159
744,ldrdge,0.0002598922130077352
1379,sbcmi,0.00025963763678231807
1912,sxth.lt,0.0002594112748845784
2793,vstr.gt.64,0.00025933470819599486
2064,uxth.lt,0.0002593160992368916
2063,uxth.ls.w,0.00025928656571616603
746,ldrdhi,0.0002590481850152357
545,ldcle,0.000258740441664823
311,bmi.w,0.00025870062077282605
2478,vmov.pl.f64,0.0002586166684121293
1934,teqeqp,0.0002585323294313302
2092,vabs.s16,0.00025807196194172193
1398,sbfx.pl,0.00025771193747996615
2854,vsubl.s8,0.0002575874795975344
1188,orn.eq.w,0.000257229946398737
905,lsl.pl.w,0.0002572112017023797
949,mcrmi,0.00025715272573347605
915,lsr.cs.w,0.00025712067623556164
2047,uxtbne,0.00025701712473286136
2554,vmul.le.f32,0.00025688635275787397
2852,vsubl.s16,0.0002567715028936079
1696,strbtvc,0.00025672827428144306
2340,vldr.gt.32,0.00025649155138757115
1694,strbtne,0.0002564275276695111
1685,strbt,0.0002562563040622909
1721,strdle,0.0002560985612519797
1390,sbcsvs,0.00025572454590387607
735,ldrd.le,0.0002553107257794083
2350,vldr.ne.32,0.0002550887079440942
2442,vmov.cs,0.0002549268168244351
1729,strex.eq,0.00025479834572850234
2096,vadd.eq.f32,0.0002547963555537698
2163,vclt.s32,0.00025475691601016195
919,lsr.ge.w,0.00025429060454827245
1046,movt.hi,0.0002541929007761397
2285,vdiv.le.f64,0.0002539999585566481
2809,vstrhi.32,0.0002539836411425074
881,ldrvs,0.0002538099400571708
1395,sbfx.gt,0.00025340901657253085
1300,ror.eq,0.00025339376654361675
2348,vldr.mi.32,0.00025335850911741074
1923,sxthls,0.00025324422793917585
2876,vuzp16,0.0002531362161766919
2656,vqadd.u16,0.00025292844830524663
1953,ubfx.cs,0.0002526240920391331
1618,str.le.w,0.00025258894186154144
693,ldrb.lt.w,0.0002524635841873922
1428,smlabblt,0.00025245639818846866
860,ldrshcs,0.0002523558127583881
1352,rsbvs,0.0002523379190735672
2752,vshrn.8,0.0002522107022228296
1072,movw.gt,0.0002517461301637469
2703,vrhadd.s8,0.0002514926668231953
867,ldrshlt,0.00025108465833010045
1825,subccs,0.00025093161802794677
1132,mulle,0.0002508999626325991
808,ldrhlt,0.00025085886241947786
2475,vmov.ne.f64,0.00025042894699403226
2614,vnegne.f64,0.00025041539685686565
2866,vswp,0.00025040412518273557
739,ldrd.ne,0.0002502964124959122
1987,umulleqs,0.0002501856241643328
648,ldr.cc,0.0002499085177317575
1981,umull.cc,0.00024976175993010233
546,ldcleq,0.0002496837061801595
2718,vrshrn.32,0.00024960824750904685
2162,vclt.f32,0.0002493270030296788
2244,vcvt.mi.s32.f64,0.0002492032800885199
1921,sxthhi,0.0002491300456861332
2432,vmlsl.s8,0.00024894260526357753
2519,vmovn.i64,0.0002489362913268139
2216,vcvt.gt.f64.s32,0.0002487527157485623
2585,vmvn.i16,0.000248402979985094
1528,stm.le,0.000248391601553625
1985,umullcc,0.0002482481217106477
1733,strexh,0.000248221672802585
2849,vsubhi.f32,0.00024797934935442305
1954,ubfx.eq,0.00024756090920054007
1509,stclt,0.0002475486081199257
2448,vmov.ge,0.00024754009907629906
1403,setend,0.0002468617317692055
1952,ubfx.cc,0.0002467287386686417
1711,strd.lt,0.0002465496386276484
665,ldr.lt.w,0.00024639167620509674
1421,smlabbcc,0.0002462028738311981
1998,usat16,0.00024613701483178484
2053,uxth.eq.w,0.00024608635276825283
524,itett,0.00024605717379627164
1251,pkhtb,0.0002460517963749102
380,clzge,0.00024586520705520366
1539,stmdaeq,0.0002450470596255501
1278,push.ne,0.00024475109395632387
480,eor.ne,0.00024360302950533717
1966,ubfxge,0.0002435779104687291
986,mls.cc,0.00024342906142308356
1819,sub.ne,0.00024328763843849837
1383,sbcseq,0.00024311372086369438
666,ldr.mi,0.00024277227539774325
1849,subvc,0.00024266185614773626
2680,vqshlu.u32,0.0002424296592387601
845,ldrsbteq,0.00024238379993851654
749,ldrdlt,0.00024148416248182827
2631,vpadal.u8,0.00024108689137613006
2133,vaddne.f64,0.0002404717869976701
2871,vtrn.64,0.0002404313107904957
1961,ubfx.mi,0.00024017427603091195
1540,stmdage,0.00024017418430844365
2290,vdiv.ne.f64,0.00024015444090067913
1512,stcmi,0.0002401535819771469
863,ldrshgt,0.0002399533964377072
761,ldrh.cc,0.0002398735742913168
1374,sbceq,0.0002398583609343615
1206,orr.ge.w,0.0002398457395822412
2164,vclz.i16,0.00023909777110075927
1737,strh.cc,0.00023899221217110557
2695,vrecps.f32,0.0002385720718583807
1156,mvn.lt.w,0.0002382463360868422
924,lsr.le,0.00023799566825748425
2352,vldr.pl.32,0.00023778922834046426
2002,usatne,0.00023775445586224635
1814,sub.ls.w,0.00023772070264420835
2873,vtst.16,0.00023771586319714681
2423,vmls.gt.f32,0.00023761673757393746
2402,vmla.ls.f64,0.00023756420638079402
1134,mullt,0.00023726923926645997
1919,sxthge,0.00023708215148896507
2240,vcvt.mi.f32.u32,0.0002370275945614193
2586,vmvn.i32,0.00023700115112114156
641,ldmibmi,0.00023654333345446242
2820,vstrvc.32,0.0002364621363066003
1572,stmia.lt,0.0002364364335372831
2868,vtbx.8,0.00023625712961807707
2529,vmrseq,0.0002359523166558241
2269,vcvtle.u32.f64,0.00023580357734279302
1315,rsb.gt.w,0.00023567645781930502
1475,smullge,0.00023566553050310604
2558,vmul.mi.f32,0.00023563928127694775
988,mls.le,0.00023560162038310204
268,bicle,0.0002354889587183283
2114,vadd.mi.f32,0.00023538477506992943
740,ldrd.pl,0.00023497973221651663
1630,str.vs,0.00023492795174665453
1237,orrlts,0.00023486054430699177
2531,vmrsgt,0.00023482212786553585
1893,sxtbcc,0.0002344000764732774
2790,vstr.eq.64,0.00023437124302490807
2826,vsub.ge.f32,0.0002340943077979611
1127,mulcs,0.00023362218149201305
2121,vaddge.f64,0.00023328808804587125
904,lsl.pl,0.00023316738022868217
2745,vshr.s64,0.0002330606201137828
1590,stmibcc,0.00023252671912367675
1280,push.vc,0.00023178149646692486
1804,sub.eq.w,0.00023174762047356183
2801,vstr.ne.64,0.00023163158066465537
948,mcrlt,0.00023137991456711294
1991,umullle,0.0002310723636579542
901,lsl.mi.w,0.00023099485035599565
2823,vsub.eq.f64,0.00023096369870028021
1703,strd.cc,0.00023094639263954034
2769,vst1.16,0.0002309165119422249
2199,vcvt.eq.s32.f32,0.00023091556730510962
2716,vrshr.u64,0.00023087693539515947
2000,usatle,0.00023083517190152061
2470,vmov.mi,0.00023047309932030946
2689,vqsub.s32,0.00023042616615542554
561,ldcvs,0.00023035186871366074
2775,vst2.8,0.00023032690141977996
833,ldrsbcc,0.00023030763971868866
1622,str.lt.w,0.00023027800013943522
738,ldrd.mi,0.00023023135115853211
1671,strb.vs,0.00023004797131310112
1433,smladxcs,0.00022998482765125835
1879,sxtab.mi,0.00022990427011330102
2127,vaddl.u16,0.00022971430081939552
2603,vneg.pl.f64,0.00022922268446768152
2595,vneg.le.f64,0.00022888944543697563
1851,subvss,0.00022870853854944315
2141,vbic,0.00022834304312943995
2404,vmla.mi.f32,0.000228172780631521
2776,vst3.16,0.0002280505656054756
2370,vldrmi.32,0.00022803008660168456
2027,uxtb.le.w,0.00022799453979737956
1109,mrrclt,0.0002278221564683664
741,ldrdcc,0.00022752337476824244
784,ldrh.pl.w,0.00022738881014132287
1399,sbfxeq,0.00022718542041491802
2441,vmov.cc.f32,0.0002268998266454157
1568,stmia.al,0.00022687345918044228
1784,strt,0.00022652099362806472
2794,vstr.hi.32,0.0002262623645728269
2494,vmovge.f64,0.0002261599168236439
2243,vcvt.mi.s32.f32,0.000226134910396104
2180,vcmpe.lt.f32,0.0002259199397890879
957,mcrrvc,0.0002254712741350915
1977,umlaleq,0.00022526458003938737
2835,vsub.le.f64,0.0002248289349461116
724,ldrbtvs,0.00022468521251244945
2710,vrshl.u16,0.0002245044654512808
1619,str.ls,0.00022427815076998174
2791,vstr.ge.32,0.000224270691140292
902,lsl.ne,0.00022422247185182996
2246,vcvt.mi.u32.f64,0.00022416837060538805
1463,smulbble,0.0002239579608574236
1362,rscles,0.000223623806903846
2153,vcge.u16,0.00022339056922235788
273,bicmi,0.00022337589379691893
2682,vqshrn.s16,0.00022324561522037663
1989,umullgt,0.00022289676342011251
2196,vcvt.eq.f32.s32,0.000222671694547684
2449,vmov.ge.f32,0.0002220038009510876
791,ldrh.w.gt,0.00022158591623204087
832,ldrsb.w,0.0002215493063768413
523,itete,0.000221318824302721
660,ldr.le,0.0002208752950490966
2389,vmin.u16,0.00022083452647990418
307,blx.mi,0.0002208097129776051
2115,vadd.mi.f64,0.00022069225898573738
2584,vmvn,0.00022052440834449653
830,ldrsb.ne.w,0.0002202301267249003
790,ldrh.w.ge,0.00022014370951859206
1097,mrceq,0.0002200894121030288
2847,vsubgt.f32,0.0002200537470610112
2070,uxth.pl,0.00021988897626549776
2737,vshl.u8,0.00021981773617322346
1357,rscgt,0.0002197422730532948
1358,rscgts,0.0002192728160459722
2067,uxth.mi.w,0.00021923379736083339
2113,vadd.lt.f64,0.00021918240930664018
2287,vdiv.mi.f32,0.00021911453850975742
2365,vldrle.64,0.00021908361169860845
2367,vldrls.64,0.00021895602285538522
2189,vcmpge.f64,0.00021887230227979546
1497,stclcs,0.0002188476520464841
850,ldrsh.gt.w,0.00021880500537799292
2178,vcmpe.le.f64,0.0002187901977592139
1025,movcss,0.00021868938144028278
1455,smmls,0.0002186767299915047
1741,strh.eq,0.0002184701056907521
2638,vpaddl.u8,0.00021840641058430086
2561,vmul.ne.f64,0.00021831721985947282
720,ldrbtls,0.0002181301699517766
1068,movw.cc,0.0002181144055840716
399,cmnls,0.00021806911623465462
2636,vpaddl.s8,0.00021791502533704862
1501,stclgt,0.000217799946879653
2342,vldr.hi.32,0.00021767007747863743
2148,vceq.f16,0.00021748956447022137
1877,swp,0.00021737133503661063
777,ldrh.lt,0.00021732295022429846
1123,mul.mi,0.0002170945090082575
1945,tstgt,0.0002169395662875285
1242,orrpls,0.0002168364616213657
1747,strh.hi,0.00021614679656402233
647,ldr.al,0.00021592380382763382
1521,stlexh,0.00021575660089408048
670,ldr.pl,0.00021550810641873585
2152,vcge.s8,0.00021538361364172812
1712,strd.mi,0.0002152031495219533
1117,mul.ge,0.00021518555538461767
2796,vstr.ls.32,0.00021505373880205468
1607,str.cs,0.0002149388952108293
1425,smlabbgt,0.0002149055865477226
1369,rscvs,0.00021489187822468494
1875,swivc,0.00021487110800029813
1565,stmdbvc,0.00021474730030611583
2609,vneggt.f64,0.00021466503141500437
1320,rsb.ls,0.0002145810020945101
2663,vqdmull.S16,0.00021455653040370592
1723,strdlt,0.0002144207845249829
2390,vmin.u32,0.00021436073301415022
2694,vrecpe.f32,0.00021400161634817626
773,ldrh.le,0.00021382268223373878
2805,vstrge.32,0.0002134396680672847
2429,vmlseq.f64,0.00021325003267324302
21,add.cc,0.00021321132944699994
2674,vqrshrun.u64,0.00021298371093266753
2713,vrshr.s8,0.00021296542792028972
1615,str.hi,0.00021289357879216488
2433,vmlsl.u16,0.0002128147581912908
770,ldrh.gt.w,0.00021269285246265507
1839,sublss,0.00021255846401682497
1813,sub.ls,0.00021237084694047638
1404,sev,0.00021231667298564756
1496,stclcc,0.0002122919429484997
2408,vmla.pl.f32,0.0002118469715587162
922,lsr.hi,0.00021184256550507672
2512,vmovlt.f32,0.00021131246887306978
2263,vcvt.u16.f16,0.00021125942959747718
2407,vmla.ne.f64,0.00021110251825554716
1903,sxth.ge.w,0.00021096387714640937
2349,vldr.mi.64,0.00021087105235897881
2210,vcvt.ge.f32.s32,0.0002107501492656278
2757,vsqrt.f32,0.00021068551307128718
23,add.cs,0.0002105805644798258
2255,vcvt.pl.f32.u32,0.0002105288474922512
2195,vcvt.eq.f32.f64,0.00021022991635235672
2165,vcmla.f16,0.0002101398518520185
636,ldmibgt,0.00021006130888603418
1041,movt.cc,0.00021004927505859604
2655,vqadd.s8,0.00020998922789176243
891,lsl.gt.w,0.0002099490261869349
811,ldrhteq,0.00020988519196155317
1959,ubfx.ls,0.00020987769636032584
2598,vneg.mi.f32,0.000209444901797649
1,adc.w,0.0002093090064827649
1271,push.eq,0.000209198823440321
2443,vmov.eq,0.00020916705411788304
1740,strh.cs.w,0.00020906236628729055
2029,uxtb.ls.w,0.0002087996077306342
2122,vaddgt.f64,0.0002087704139769539
1997,usat,0.00020871268408420766
934,lsr.pl,0.00020839502461742623
2559,vmul.mi.f64,0.0002083239844754619
2304,vhadd.s16,0.00020826150848827273
2530,vmrsge,0.00020823559888115184
831,ldrsb.pl.w,0.00020820130662653843
2843,vsub.ne.f64,0.00020819108379669955
382,clzhi,0.00020818775469480034
828,ldrsb.lt,0.00020786097580825292
1482,smultt,0.00020784068300859222
1546,stmdami,0.000207779465172076
2673,vqrshrun.u16,0.00020758943967734279
97,aesd.8,0.00020720985812544858
1896,sxtbgt,0.00020673571208503787
2073,uxthcc,0.00020662455933725005
2686,vqshrun.u16,0.0002064848300674873
2187,vcmpe.pl.f64,0.00020636310224375834
2831,vsub.i32,0.00020635204248437616
2572,vmull.s32,0.00020623563830848133
935,lsr.pl.w,0.00020590582401224436
2288,vdiv.mi.f64,0.0002058176350104835
615,ldmia.mi,0.00020551186981680966
1077,movw.mi,0.00020536460310108793
1135,mulmi,0.0002051937396036575
834,ldrsbcs,0.00020504873978723602
968,mla.lt,0.0002049311282653492
889,lsl.ge.w,0.00020489784198480265
2356,vldrcs.64,0.00020462415363909291
1119,mul.hi,0.00020452090091715907
2617,vnmls.f16,0.00020417956024318656
2445,vmov.eq.f64,0.00020396738923930528
2284,vdiv.le.f32,0.00020385945647269807
2881,vzip8,0.00020378041670113882
2078,uxthhi,0.00020374407717758714
1291,rev.mi,0.0002035416533877776
2547,vmul.ge.f32,0.0002035144013623147
1505,stclmi,0.00020330925845940973
2375,vldrvs.32,0.00020326747181551358
2602,vneg.pl.f32,0.00020320829823708425
109,and.gt,0.00020314009336445203
2321,vld3.32,0.000203061099212381
2008,uxtab16,0.00020257121094947758
2728,vshl.I64,0.00020247731223166853
967,mla.ls,0.00020223081500902554
1147,mvn.ge.w,0.00020206277634495821
2259,vcvt.pl.u32.f32,0.00020201170624651314
2763,vsra.u32,0.00020148547845873972
2388,vmin.s8,0.00020145517796042774
1659,strb.le.w,0.00020142489125394647
2764,vsra.u64,0.00020137037848882582
2865,vsubw.u8,0.00020108513099607655
1800,sub.cc.w,0.00020097485010913343
952,mcrr2,0.00020089544495435158
1537,stmdacc,0.00020074526000868432
2313,vld1.16,0.00020067670446793277
1052,movt.pl,0.00020057784615746613
522,itet,0.00020044630986399404
2634,vpadd.i32,0.00020022007417434527
1176,mvnpl,0.00019993751059463072
1689,strbtgt,0.00019979553747960448
216,bfc.ne,0.00019979282065873247
2387,vmin.s32,0.0001997226672657712
1431,smlad,0.0001996637436386753
717,ldrbtgt,0.00019950673670432025
2221,vcvt.hi.f32.f64,0.00019950474306983297
2738,vshll.s16,0.000199450731109889
1593,stmibge,0.00019914080072656204
2253,vcvt.ne.u32.f64,0.00019899275684241388
1548,stmdapl,0.0001989626575370489
2291,vdiv.pl.f32,0.00019883288963000692
2166,vcmla.f32,0.00019876521453067615
1950,uadd8,0.00019870900171658815
2724,vseleq.f32,0.00019869307834498353
2500,vmovhi.f64,0.0001985657349112854
2637,vpaddl.u16,0.00019850601735723
2424,vmls.i32,0.00019799849434184674
2169,vcmpe.eq.f32,0.0001976258871346588
2845,vsub.pl.f64,0.0001975475234377648
2191,vcmpne.f32,0.00019745240148840793
852,ldrsh.ls.w,0.00019697162974997818
2249,vcvt.ne.f32.u32,0.000196768794782921
1883,sxtb.ge,0.00019676244005401402
692,ldrb.lt,0.0001966084424853545
2492,vmovge,0.0001964431206310776
2761,vsqrt.ne.f32,0.0001963520087652102
2880,vzip32,0.00019634799182399488
2484,vmov.vc.f32,0.00019633005855037314
951,mcrr,0.00019616731062344265
1359,rschi,0.00019613196102879582
946,mcrgt,0.000196128138071017
732,ldrd.eq,0.00019577477711490158
1190,orn.lt,0.00019565555163192616
2219,vcvt.gt.s32.f64,0.00019517456225208885
2800,vstr.ne.32,0.00019504553890957856
1491,stccc,0.00019497499631073958
2318,vld2.32,0.00019495551847836863
917,lsr.eq.w,0.00019486875416571006
2630,vpadal.u16,0.00019480057782046562
1559,stmdble,0.00019469035089942743
2257,vcvt.pl.s32.f32,0.00019467747636286626
1363,rsclt,0.00019464060741002939
1955,ubfx.ge,0.00019450081587270908
1215,orr.lt,0.00019448917026036622
750,ldrdmi,0.0001943323704712086
871,ldrshtcs,0.00019429523687740125
1056,movtge,0.00019425570878803608
2231,vcvt.le.u32.f32,0.00019396625973467743
953,mcrrls,0.00019387956912581355
778,ldrh.lt.w,0.00019383596119505568
1506,stclne,0.00019366387441953692
1474,smulleqs,0.00019361106099792467
2354,vldrcc.64,0.00019360240219814953
2136,vaddw.s32,0.00019321223113381422
2131,vaddmi.f64,0.00019309715192402822
798,ldrh.w.pl,0.00019303252506687948
2642,vpmax.u16,0.0001929571309467315
2183,vcmpe.mi.f64,0.00019283654813671402
2197,vcvt.eq.f64.f32,0.000192759371389775
785,ldrh.vs,0.0001924310301247598
502,eormi,0.0001923137194713259
1544,stmdals,0.000192100862306793
2102,vadd.gt.f32,0.00019204403375951788
1598,stmiblt,0.0001918955253323948
1439,smlaleq,0.0001917247422461446
1799,sub.cc,0.00019168487231916936
2125,vaddl.s32,0.00019163583114647045
1794,strtvc,0.00019141894140677312
2684,vqshrn.u16,0.00019129780583619212
616,ldmia.ne,0.0001909434431332849
1576,stmiacc,0.00019091575616760146
2058,uxth.hi,0.0001908919756510713
478,eor.mi,0.00019066712835214363
1065,movvc,0.00019061257330587114
2739,vshll.s32,0.0001905496999927925
1853,subw.eq,0.00019054963988126368
296,blpl,0.00019033582200923642
671,ldr.pl.w,0.00018997131689868564
2292,vdiv.pl.f64,0.00018992231920353828
1582,stmiale,0.00018981381576303635
1658,strb.le,0.00018920446860348146
2806,vstrge.64,0.0001890871085456162
1471,smull.lt,0.00018883265843569466
2685,vqshrn.u64,0.00018870340219366354
2645,vpmin.s16,0.00018864341926023195
847,ldrsh.cc.w,0.000188575738223142
825,ldrsb.le.w,0.00018842382975098782
2009,uxtabcs,0.00018834810807450886
926,lsr.ls,0.0001882389587211402
1124,mul.ne,0.00018780784814898855
2054,uxth.ge,0.0001876043687194321
2702,vrhadd.s16,0.00018754069829352973
1413,sha256h2.32,0.00018753492507991352
2338,vldr.ge.32,0.00018726326693080142
2374,vldrpl.64,0.0001871014960092256
1640,str.w.lt,0.00018699115486193194
2788,vstr.cc.64,0.00018684466361611657
2435,vmlsne.f32,0.00018661292975293342
2034,uxtb.ne,0.00018652507063140813
1192,orn.mi,0.00018638298281587284
645,ldmibvs,0.00018630169214956722
1936,teqle,0.00018622996532408209
2138,vaddw.u16,0.00018604820836462717
1962,ubfx.ne,0.0001860455048263692
2425,vmls.le.f32,0.00018582146281500623
2677,vqshl.u32,0.0001857363221669855
1750,strh.le.w,0.00018568791369268558
2883,wfi,0.00018509769338535175
1210,orr.hi.w,0.00018509213188141148
1894,sxtbeq,0.00018504458567135604
1602,stmibvc,0.00018498200275987993
1197,orns.w,0.0001849303463479055
1049,movt.lt,0.0001849105141699665
2369,vldrlt.64,0.00018489019642983323
1409,sha1p.32,0.0001842968376921919
2039,uxtbcc,0.00018427003726151204
2056,uxth.gt,0.00018422271717484991
1978,umlaleqs,0.0001841668471626047
878,ldrtpl,0.00018415950039275692
1472,smull.ne,0.00018405754277877785
1999,usateq,0.00018388655559993994
1323,rsb.lt.w,0.0001837754929872792
1100,mrcls,0.00018367708049796657
2057,uxth.gt.w,0.0001836330276957828
2018,uxtb.eq,0.00018363286715760975
2615,vnmla.f32,0.00018357942206482201
1669,strb.pl.w,0.00018345656556809222
2241,vcvt.mi.f64.f32,0.00018337511258422005
1533,stm.ne,0.00018319890518689934
1538,stmdacs,0.00018304999812118915
2395,vmla.ge.f32,0.0001829772976467432
851,ldrsh.le.w,0.0001829153756477284
1860,subw.ne,0.00018285022659995755
1111,mrrcne,0.00018282138365112875
2862,vsubne.f32,0.0001827991913310431
768,ldrh.ge.w,0.00018262407611840817
2268,vcvtgt.f32.s32,0.00018260268833658735
411,cmp.ge.w,0.0001821737752055662
2782,vstmdb,0.00018215172168789147
856,ldrsh.ne,0.00018215077204272728
1654,strb.gt,0.00018214979243467665
899,lsl.lt.w,0.00018188306223114757
465,eor.eq,0.00018177188962976884
2451,vmov.gt,0.00018163919502111556
983,mlapl,0.00018125511140443904
2385,vmin.f32,0.0001811208995461083
2553,vmul.i8,0.00018111053310613284
1937,teqls,0.00018109483513137266
2326,vldmdb,0.00018095635835987435
1301,ror.w,0.00018086601762928487
2052,uxth.eq,0.00018083165034063554
1062,movtmi,0.0001808054257500032
2499,vmovhi.f32,0.00018079628657186562
547,ldclge,0.00018062443862799547
689,ldrb.le.w,0.00018062246418354153
2155,vcgt.f32,0.00018035818842523717
1021,mov.vs.w,0.00017993814279646458
963,mla.ge,0.00017985766687249455
1304,rrxs,0.00017982146632631758
2664,vqmovn.i16,0.0001797573583869994
1445,smlatbcc,0.0001795801723156474
1530,stm.lt,0.00017953796173032468
129,andcss,0.0001791693721732206
659,ldr.hi.w,0.0001791379605638204
1232,orrhis,0.00017897761257538083
2877,vuzp32,0.0001788036411824485
2274,vcvtne.f64.u32,0.00017865012466646233
1575,stmia.vs,0.0001785747158455769
2214,vcvt.gt.f32.s32,0.00017851182524583931
2841,vsub.mi.f64,0.00017849258512455288
1938,teqmi,0.0001784787099532397
2015,uxtb.cc.w,0.0001784626863289553
1988,umullge,0.0001783447286453967
723,ldrbtvc,0.00017815365579711712
1941,tst.eq,0.00017796075736829567
1983,umull.gt,0.00017792336626394742
2523,vmovpl,0.00017782671832468596
1653,strb.ge.w,0.00017781972550987707
2709,vrshl.s8,0.00017765467229500086
2051,uxth.cs,0.00017736334048429602
2807,vstrgt.32,0.00017717940275201904
1099,mrcgt,0.00017699785816762298
1663,strb.lt.w,0.00017699219923079406
2364,vldrle.32,0.00017662244811992995
1716,strdcs,0.00017646168550855508
1259,pop.ge,0.00017636304543530254
2453,vmov.gt.f64,0.00017622154018945722
2382,vmax.u32,0.00017599305265856907
2019,uxtb.eq.w,0.0001759355480059163
1375,sbcgt,0.00017583103529380455
2592,vneg.gt.f32,0.00017582524086757743
1143,mvn.cs.w,0.00017579455246420733
2182,vcmpe.mi.f32,0.00017573245298040718
896,lsl.ls,0.00017558520082881969
2289,vdiv.ne.f32,0.00017557952209384606
2260,vcvt.pl.u32.f64,0.00017556200375576066
2566,vmulgt.f64,0.00017541963497041743
1452,smlsd,0.00017518777955435966
718,ldrbthi,0.00017495248481233592
1368,rscvc,0.00017483809182430561
1974,umaal,0.00017461728699178004
2134,vaddpl.f64,0.0001745452531342236
2829,vsub.hi.f32,0.00017444183630256347
1209,orr.hi,0.0001744194430925287
644,ldmibvc,0.000174377065844559
2040,uxtbcs,0.00017415460787054843
2768,vsri.8,0.00017408720537525518
994,mov.al,0.00017356423175119118
2347,vldr.lt.64,0.00017347225425912445
1517,stlb,0.00017330386124071696
2599,vneg.mi.f64,0.0001732952652056844
1212,orr.le.w,0.00017322573762065005
2797,vstr.lt.32,0.00017309123878200906
1477,smullhi,0.00017302204463015666
1216,orr.lt.w,0.00017282678937472832
2611,vnegmi.f32,0.00017280933093238778
2723,vrsra.u64,0.00017277130967400237
2781,vst4.8,0.00017270851561086755
2418,vmlami.f32,0.00017244294931425766
2810,vstrhi.64,0.00017226713087115504
2683,vqshrn.s64,0.00017222715477239136
2456,vmov.hi.f64,0.00017207305497706583
2600,vneg.ne.f32,0.00017176839200635187
1218,orr.mi.w,0.00017169110579445815
2150,vceq.i32,0.00017147104684961015
2312,vhsub.s8,0.00017129260706832085
2254,vcvt.pl.f32.f64,0.00017122114429111795
2527,vmovvs.f64,0.00017115825010682566
2212,vcvt.ge.s32.f64,0.00017111806426898805
1345,rsbmis,0.00017110143515456557
2346,vldr.lt.32,0.0001709644207486844
2431,vmlsl.s32,0.00017095006143390002
2548,vmul.gt.f32,0.00017094677759433723
2414,vmlal.u32,0.0001709142317366508
2124,vaddl.s16,0.00017085112550339324
2294,vdivge.f64,0.00017084944550191703
1406,sha1c.32,0.0001707967807189663
1915,sxth.ne,0.00017073612860026542
2557,vmul.lt.f32,0.00017067969579843495
955,mcrrmi,0.0001704678437258454
2276,vdiv.eq.f32,0.00017014669334979618
408,cmp.eq,0.00016988069600090317
2277,vdiv.eq.f64,0.00016980816862718307
782,ldrh.ne.w,0.0001697441221512783
1670,strb.vc,0.0001695972270640655
2179,vcmpe.ls.f32,0.0001693752343890391
2741,vshll.u32,0.00016921262566593155
1914,sxth.mi,0.00016914335398671805
2588,vneg.eq.f64,0.00016895066375028823
755,ldrexb,0.00016874199922802612
2549,vmul.gt.f64,0.0001685681027597915
1606,str.cc.w,0.00016852211786149254
1911,sxth.ls.w,0.00016838465293677452
1902,sxth.ge,0.00016836735326056443
1461,smulbbeq,0.00016836348540727645
2502,vmovl.s8,0.0001683491367934824
1325,rsb.mi.w,0.00016826181442497362
2552,vmul.i32,0.00016822477867431182
742,ldrdcs,0.00016820103077782637
1313,rsb.ge.w,0.00016817212898878947
1693,strbtmi,0.0001681649921725701
2777,vst3.32,0.00016801332300493712
1958,ubfx.le,0.00016785743941566576
2345,vldr.ls.32,0.00016785503978732053
2583,vmulpl.f32,0.00016767239271646265
2202,vcvt.f16.u16,0.00016747044850689758
1963,ubfx.pl,0.00016735268458056146
2767,vsri.64,0.00016731676946825355
2587,vneg.eq.f32,0.0001672912897677326
2465,vmov.ls.f32,0.0001672143238841868
1895,sxtbge,0.00016704014487440457
1410,sha1su0.32,0.0001670397941009988
793,ldrh.w.le,0.0001669871219962118
2693,vraddhn.i16,0.00016690260296675345
1643,str.w.pl,0.00016684453139781386
2086,vabd.u16,0.0001668241579272978
964,mla.gt,0.0001666385994711922
2119,vadd.pl.f64,0.00016633294797808678
2211,vcvt.ge.f64.s32,0.00016613250819296152
2143,vbic.i32,0.00016576700823358803
1351,rsbvcs,0.00016569160183165164
2658,vqadd.u64,0.00016568869614764064
3,adceq,0.0001649395013918513
944,mcreq,0.0001649362367377604
2201,vcvt.eq.u32.f64,0.00016447809902638393
868,ldrshmi,0.00016433038246672807
824,ldrsb.hi.w,0.00016407801875083916
1646,strb.cc,0.0001640689883905526
2789,vstr.eq.32,0.0001639855007433918
1869,swile,0.00016389729840906458
2358,vldreq.64,0.00016381650008356327
2450,vmov.ge.f64,0.00016360996555312218
2618,vnmls.f32,0.0001636021878312937
913,lsr.cc.w,0.00016325073834627457
1116,mul.eq,0.00016307816948521085
2337,vldr.eq.64,0.00016289468815842373
849,ldrsh.ge.w,0.00016272739143486045
2379,vmax.s32,0.00016264303391034962
1913,sxth.lt.w,0.0001621000766248289
2091,vabs.ne.f32,0.00016194145272881125
862,ldrshge,0.00016190549264959034
1520,stlexd,0.00016185622841071066
979,mlals,0.0001618053021292991
1277,push.lt,0.00016175681379655406
113,and.le,0.00016164281674651163
2022,uxtb.gt,0.00016148494059235177
2669,vqrdmulh.S32,0.0001614156471493897
2647,vpmin.s8,0.0001613400186932966
1462,smulbbgt,0.00016129636590066123
168,asr.ls,0.0001612219994439302
929,lsr.lt.w,0.0001611534532023488
1372,sbc.w,0.00016103713888772245
1376,sbchi,0.0001609785438051253
2406,vmla.ne.f32,0.00016079354583651732
2069,uxth.ne.w,0.00016078370054280772
2643,vpmax.u32,0.00016056859165217667
2875,vtst.8,0.00016048893274150195
1624,str.mi.w,0.00016038644527171348
1417,smlabb.hi,0.00016035939571826388
2730,vshl.s16,0.00016018767794552484
822,ldrsb.gt,0.0001598458888027262
1649,strb.cs.w,0.00015980129511907644
1458,smulbb.eq,0.0001596839609744813
1891,sxtb.ne.w,0.000159667041089056
2031,uxtb.lt.w,0.0001592407975474581
1790,strtls,0.0001591344539273293
2858,vsublt.f32,0.0001591022242410729
2004,uxtab.cc,0.00015901250079174728
1788,strthi,0.00015884802335595273
2815,vstrlt.32,0.0001588358276174561
2640,vpmax.s32,0.0001588119781064758
1792,strtmi,0.000158776656709581
2625,vnmul.mi.f32,0.0001586934006297088
1274,push.hi,0.00015857901032412204
2430,vmlsl.s16,0.00015856664942710694
2192,vcmpne.f64,0.00015855488997005415
2323,vld4.16,0.00015841359458048225
630,ldmiavs,0.0001583992262532361
1900,sxth.eq,0.0001583673621692783
1884,sxtb.ge.w,0.00015825944003581663
2565,vmuleq.f64,0.0001580214830184705
1874,swipl,0.00015796483062905362
1597,stmibls,0.00015785857433263322
2227,vcvt.le.f64.s32,0.00015781684760734414
2270,vcvtmi.f64.s32,0.00015766380366497953
2532,vmrshi,0.00015752032336112558
1904,sxth.gt,0.00015749849450762571
2687,vqshrun.u64,0.00015747162620918667
1394,sbfx.ge,0.00015730874797887322
75,addw.eq,0.0001572586173886301
2317,vld2.16,0.00015725553577637547
1265,pop.pl,0.0001571449075107315
1122,mul.lt,0.0001570924347811804
2747,vshr.u16,0.00015644523389512921
2190,vcmplt.f64,0.00015637661342668852
2101,vadd.ge.f64,0.0001563287801356776
1786,strtcs,0.0001562784923065854
1591,stmibcs,0.00015622124898448327
2065,uxth.lt.w,0.00015617358696890107
1965,ubfxeq,0.00015616801553355316
920,lsr.gt,0.00015600743330387417
2736,vshl.u64,0.00015582877884199537
2181,vcmpe.lt.f64,0.00015570701701357487
2213,vcvt.gt.f32.f64,0.0001554509011321625
812,ldrhtmi,0.00015535965284042117
1207,orr.gt,0.00015509898262757848
2209,vcvt.ge.f32.f64,0.00015503431419636982
1427,smlabbls,0.00015481554960205865
2366,vldrls.32,0.00015465355142621075
1151,mvn.le,0.00015454844309934762
870,ldrshpl,0.00015453149251786272
1888,sxtb.lt,0.00015450800367584425
1789,strtle,0.00015439137488756208
2539,vmul.F32,0.00015414319890253084
1629,str.vc,0.00015413242281999055
788,ldrh.w.cs,0.00015404883059573423
1061,movtlt,0.00015398784381138412
2351,vldr.ne.64,0.00015394750056160804
767,ldrh.ge,0.00015391088344828336
1552,stmdb.ne,0.00015387510303387094
2335,vldr.cs.32,0.000153853048954991
2679,vqshlu.u16,0.0001536686183014639
381,clzgt,0.00015364092645771244
2491,vmoveq.f64,0.00015330982407004462
872,ldrshteq,0.0001532435563633546
2434,vmlsl.u8,0.0001530545668845851
2544,vmul.f16,0.0001527979069663437
1050,movt.mi,0.00015268456253084487
2570,vmull.p8,0.0001525446469367232
318,bvs,0.00015248626023555136
1423,smlabbeq,0.00015246234863600165
2733,vshl.s8,0.00015228991959892208
1719,strdgt,0.0001522409265793118
1419,smlabb.lt,0.00015202020291619597
2641,vpmax.s8,0.00015178627685549795
1095,mrc2,0.00015176184963412232
1142,mvn.cs,0.00015170337576276535
2482,vmov.u8,0.00015167926921697095
2234,vcvt.ls.f64.u32,0.00015167525157585
844,ldrsbpl,0.0001513427321369099
1651,strb.eq.w,0.0001511445284687752
2830,vsub.i16,0.00015103650554854601
2688,vqsub.s16,0.0001508942514544104
2721,vrsqrts.f32,0.0001508074505750713
752,ldrdpl,0.00015074540862540064
2675,vqrshrun.u8,0.00015018489662273023
1273,push.gt,0.00015011160326115517
1187,orn.eq,0.0001500785072756805
2307,vhadd.u16,0.00014979181870153238
1408,sha1m.32,0.00014961621900299175
823,ldrsb.gt.w,0.00014947250929648391
918,lsr.ge,0.00014916847146988267
1543,stmdale,0.00014913549074044565
2308,vhadd.u32,0.00014912624128245622
1110,mrrcmi,0.00014911385376056927
2230,vcvt.le.s32.f64,0.0001490782218988788
699,ldrb.pl.w,0.00014903659134549995
1194,orn.ne.w,0.0001489551149413212
1809,sub.hi,0.00014880944721476318
2838,vsub.lt.f32,0.0001487156356872183
1185,orn.cc,0.0001486264189861967
2030,uxtb.lt,0.0001486193429885538
2188,vcmpeq.f32,0.00014847233744891858
1442,smlaltt,0.00014838391770955354
887,lsl.eq.w,0.0001483415733577638
1856,subw.hi,0.00014830959187965104
1760,strh.pl.w,0.00014825351662036505
2575,vmull.u8,0.00014811049381583476
2077,uxthgt,0.00014809599933315166
2795,vstr.le.32,0.00014797503135131432
2593,vneg.hi.f64,0.00014789128926865234
854,ldrsh.lt.w,0.00014782391575694103
2378,vmax.s16,0.00014756144517507851
2839,vsub.lt.f64,0.000147182365916249
2060,uxth.le,0.00014708898406473915
1053,movtcc,0.00014706146795709875
2159,vcgt.u16,0.00014673100593684364
1652,strb.ge,0.00014667077587983423
2608,vnegeq.f64,0.0001464934738441585
1405,sevl,0.0001463746973676399
2118,vadd.pl.f32,0.0001463740439319212
950,mcrne,0.00014632535764567012
2110,vadd.le.f64,0.00014630120606196967
1158,mvn.mi.w,0.00014625142605151044
1154,mvn.ls.w,0.0001459702127917656
1739,strh.cs,0.00014590605471871224
2661,vqdmulh.S16,0.00014589696461726843
2648,vpmin.u8,0.00014573252241507445
1714,strd.pl,0.00014530075591008773
1960,ubfx.lt,0.00014508597708697365
1908,sxth.le,0.0001449623874575667
1690,strbthi,0.000144449097888679
1400,sbfxne,0.00014442442940440565
2036,uxtb.pl,0.0001441085221331759
1956,ubfx.gt,0.00014396122040609066
1103,mrcne,0.00014393234844451957
787,ldrh.w.cc,0.00014390692791622602
1290,rev.ls.w,0.00014381031380938816
466,eor.eq.w,0.0001437474106348547
2248,vcvt.ne.f32.s32,0.000143650003694866
927,lsr.ls.w,0.0001435799405457032
2105,vadd.i16,0.0001433198302131783
1292,rev.ne,0.00014325548917849996
853,ldrsh.lt,0.00014320943287724036
2753,vsli.16,0.00014297953532803087
2540,vmul.I16,0.0001429127045669837
1656,strb.hi,0.00014287130268288438
2842,vsub.ne.f32,0.00014286290712337482
2021,uxtb.ge.w,0.0001428090651454251
837,ldrsbgt,0.0001427855075891303
1214,orr.ls.w,0.00014264413102173576
2466,vmov.ls.f64,0.00014241892138821635
2468,vmov.lt.f32,0.00014237478554911996
1647,strb.cc.w,0.00014232811196881917
2426,vmls.mi.f32,0.00014223121198442726
690,ldrb.ls,0.00014221056130241634
2784,vstmiacc,0.00014218467875926855
2821,vsub.cs.f32,0.00014207740385951536
731,ldrd.cs,0.00014204855278566434
1691,strbtle,0.00014198717456010803
1254,pldw,0.00014176457389832085
883,lsl.cc.w,0.00014172243942145132
1704,strd.cs,0.00014167021484338716
2275,vcvtne.s32.f64,0.00014162294584239347
730,ldrd.cc,0.0001413830761355537
1776,strhpl,0.00014126958369591955
736,ldrd.ls,0.00014119320454079472
1075,movw.ls,0.00014111046819990935
323,bx.ge,0.00014098154147355353
2726,vshl.I16,0.0001408450375450959
679,ldrb.cs.w,0.00014064601408049433
2024,uxtb.hi,0.00014060365954072794
521,iteet,0.00014057650043708278
2860,vsubmi.f32,0.00014042993144741458
1422,smlabbcs,0.00014002733333232654
1806,sub.ge.w,0.00014002149837135617
1858,subw.lt,0.0001397392657333433
1104,mrcvs,0.0001396608429870982
1494,stcge,0.00013964725579991832
2074,uxthcs,0.00013952675967037208
1855,subw.gt,0.00013921878862092
1751,strh.ls,0.00013913054148358996
1906,sxth.hi,0.00013894205919248463
2567,vmull.S16,0.00013887262082653697
906,lsl.vs,0.00013882453709945447
2384,vmaxnm.f32,0.0001387087806248329
2616,vnmla.f64,0.00013856313964215984
2310,vhsub.s16,0.00013835397437061975
2591,vneg.ge.f32,0.00013833969399019196
921,lsr.gt.w,0.00013831989524927646
2822,vsub.eq.f32,0.00013831966336487608
1887,sxtb.ls.w,0.00013801561689108456
2501,vmovl.s16,0.00013780539316632026
1263,pop.mi,0.00013779063460898135
2568,vmull.U32,0.00013776250858534876
1534,stm.ne.w,0.00013768716878004522
2090,vabs.gt.f32,0.00013749914640375153
1223,orr.vs,0.00013745321697576656
2055,uxth.ge.w,0.00013703396451326684
972,mlacs,0.00013690858295801355
714,ldrbtcc,0.00013688194741962026
1628,str.pl.w,0.00013686783235739288
2555,vmul.le.f64,0.0001367639957466693
1155,mvn.lt,0.00013675533374587435
1524,stm.cs,0.00013671643689938212
2251,vcvt.ne.s32.f32,0.000136483528843574
1459,smulbb.mi,0.0001362231355176537
1387,sbcslt,0.0001361613992084123
820,ldrsb.eq.w,0.00013598742201571877
1787,strteq,0.00013572418663117223
683,ldrb.ge.w,0.000135702707549
2623,vnmul.gt.f32,0.0001356863161700807
516,hlt,0.0001356384902503692
1994,uqadd8,0.00013559919431745853
1281,push.vs,0.00013544939592203991
945,mcrge,0.00013525324148445263
1614,str.gt.w,0.0001352464972031604
2267,vcvteq.f64.u32,0.00013511005113517492
1060,movtls,0.00013500600972858893
2874,vtst.32,0.00013497579926852502
1502,stclle,0.00013496595863966441
31,add.hi,0.00013471355815988185
2534,vmrsmi,0.00013461913206125136
2711,vrshr.s16,0.00013458710433898366
1415,sha256su1.32,0.00013455584673572132
775,ldrh.ls,0.00013454853823574898
2476,vmov.pl,0.0001344470021388218
2080,uxthls,0.0001341507664066481
829,ldrsb.lt.w,0.0001340354038607066
2419,vmlane.f32,0.00013403444802942598
2485,vmov.vs,0.00013373392502815152
839,ldrsble,0.00013368729820668256
2049,uxth.cc,0.00013366015657735033
2413,vmlal.u16,0.00013353133102093014
1515,stcvc,0.00013350834734379162
1835,subhis,0.00013339342144628655
2283,vdiv.hi.f32,0.00013308972072872328
836,ldrsbge,0.0001330191225801407
2193,vcvt.cc.f64.u32,0.00013281055329897662
1713,strd.ne,0.0001326887949334815
1196,orns,0.00013253961567521842
2149,vceq.f32,0.00013240204475959747
2509,vmovls.f32,0.00013221745406963648
364,cdpvc,0.00013202855227053387
1791,strtlt,0.0001320236261179715
2050,uxth.cc.w,0.0001320170226205735
2851,vsubhn.i32,0.00013196093394063902
1335,rsbeqs,0.0001315927549293143
2455,vmov.hi.f32,0.00013157477241553908
2681,vqshlu.u64,0.0001309598117572107
2222,vcvt.hi.f32.s32,0.00013091890902887284
2085,vabd.s32,0.00013079726661384031
1601,stmibpl,0.00013074788436711943
2610,vneglt.f64,0.00013034636500157138
2156,vcgt.i16,0.00013028550438138115
885,lsl.cs.w,0.00013020177061505892
2620,vnmls.pl.f32,0.0001301345531442821
1870,swils,0.00012974094599704582
633,ldmibcs,0.00012970076252784104
1880,sxtah,0.00012962839010477402
873,ldrteq,0.00012949581710033467
2607,vnegeq.f32,0.00012920715605676918
2853,vsubl.s32,0.0001291487846109153
406,cmp.cs,0.00012851310206554706
1560,stmdbls,0.00012849011535862232
1746,strh.gt.w,0.00012830762014487572
980,mlalt,0.00012802339490479713
678,ldrb.cs,0.0001279895128648231
506,eorpl,0.00012789355501507247
2120,vaddeq.f64,0.00012787489960789205
1935,teqhip,0.00012783897025856638
1818,sub.mi.w,0.00012774835164509595
1833,subgts,0.00012769806277638024
1069,movw.cs,0.0001276917078839684
375,clz.ne,0.00012767991253836327
2495,vmovgt,0.00012761995978697056
2109,vadd.le.f32,0.00012735795803616665
2011,uxtah.hi,0.0001272493783747273
2157,vcgt.s16,0.00012720061189239084
1508,stcls,0.00012713942391163566
2762,vsra.u16,0.0001269840694777396
2700,vrev64.32,0.00012688410969426893
495,eorhi,0.00012670739087254594
1603,stmibvs,0.00012655928875119257
1744,strh.ge.w,0.00012649023334778016
1373,sbccc,0.00012646760766300854
954,mcrrlt,0.0001264458819162736
2882,wfe,0.0001262098879885709
900,lsl.mi,0.00012605190991485943
1402,sel,0.00012598052365138791
1328,rsb.pl,0.00012597016951007318
1385,sbcshi,0.0001257676290717991
2624,vnmul.le.f32,0.00012569365505814083
2062,uxth.ls,0.0001255146593356935
2461,vmov.le,0.00012535780466937647
2654,vqadd.s64,0.00012534124231536315
1610,str.eq.w,0.00012530889042474652
1558,stmdbhi,0.00012526249255553543
33,add.le,0.00012448957935792105
2715,vrshr.u32,0.00012435781534260557
1944,tstge,0.00012420130012716859
2668,vqrdmulh.S16,0.0001242000495402757
958,mcrvs,0.00012411946823291564
2258,vcvt.pl.s32.f64,0.00012406309559025147
2330,vldmiagt,0.00012390403109737458
1523,stm.cc,0.00012385423218270263
2802,vstr.pl.32,0.00012371613048390954
2488,vmovcc.f64,0.00012353237118041017
2864,vsubw.s8,0.0001234468951763503
2281,vdiv.gt.f32,0.00012320014468767635
2184,vcmpe.ne.f32,0.00012315335280985837
2322,vld3.8,0.00012311738550702778
2848,vsubgt.f64,0.00012296934818135574
1641,str.w.mi,0.00012288212967866328
2223,vcvt.hi.f64.u32,0.00012287744971442666
1555,stmdbeq,0.00012258562456781346
2368,vldrlt.32,0.00012251475085812828
893,lsl.hi.w,0.00012244201283449272
2479,vmov.s16,0.00012153730466112014
1161,mvn.pl,0.00012133110444208941
1424,smlabbge,0.00012126720157454777
2198,vcvt.eq.f64.s32,0.00012112468427777987
970,mla.ne,0.00012074955313103748
1484,ssat,0.00012064367062601916
1500,stclge,0.00012054131900532386
1718,strdge,0.00012032267751461249
842,ldrsbmi,0.00011995699437498275
2066,uxth.mi,0.00011972577644617668
158,asr.eq,0.00011958284830713842
2542,vmul.eq.f32,0.0001195477370277194
803,ldrhgt,0.00011952400832654107
722,ldrbtne,0.00011940164596540102
2722,vrsra.u32,0.00011929988793362097
2712,vrshr.s32,0.00011911031890141179
898,lsl.lt,0.000118926844428392
2556,vmul.ls.f32,0.00011890241322393041
2652,vqadd.s16,0.00011885348785519894
1503,stclls,0.00011883956064498944
2543,vmul.eq.f64,0.00011881003893919124
2708,vrshl.s64,0.00011864393659163862
965,mla.hi,0.00011849665948128582
2732,vshl.s64,0.00011827352967147317
1857,subw.le,0.0001182444404667534
2662,vqdmulh.S32,0.00011824383407993675
1850,subvs,0.00011796763750318863
1878,sxtab,0.00011776914763469697
855,ldrsh.mi.w,0.0001176690906059716
1519,stlexb,0.00011756592611012754
1388,sbcsmi,0.00011746271438493335
795,ldrh.w.lt,0.00011744232977315163
1571,stmia.ge,0.0001170432589096088
827,ldrsb.ls.w,0.00011628540029067978
2298,vdivne.f64,0.00011608962415741649
1149,mvn.hi,0.00011585103427782897
2033,uxtb.mi.w,0.00011557455346134853
771,ldrh.hi,0.0001155406424583654
1756,strh.mi.w,0.00011540559564156722
1211,orr.le,0.00011533926276335792
108,and.ge,0.00011521506921136606
2597,vneg.lt.f64,0.00011502517945387
2635,vpadd.i8,0.0001149022187176758
1448,smlatteq,0.0001144314873528564
1255,pli,0.00011439398702997936
757,ldrexh,0.000114347538974
351,cdp,0.00011404834518104407
2112,vadd.lt.f32,0.00011404708644902371
1283,qsub16,0.00011397122638529642
1761,strh.vc,0.00011391094510891673
1907,sxth.hi.w,0.00011361048188547883
52,addeqs,0.00011358034483613677
796,ldrh.w.mi,0.00011336396112891762
763,ldrh.cs,0.00011327521465107864
500,eorlt,0.00011322575023833673
355,cdpeq,0.00011319400525919958
2061,uxth.le.w,0.0001130756241537505
2855,vsubl.u16,0.0001130200158336136
1432,smladX,0.0001128776443897446
987,mls.eq,0.00011282502933564244
1059,movtle,0.00011271957053422807
2612,vnegmi.f64,0.00011267648174287956
766,ldrh.eq.w,0.00011252758949925479
2811,vstrle.32,0.00011248573426990312
1436,smlalbb,0.00011241243541645678
2660,vqdmlsl.S32,0.00011228147854770218
2836,vsub.ls.f32,0.0001121190065304705
1547,stmdane,0.00011186060527040448
2391,vmin.u8,0.0001118020940653828
2129,vaddl.u8,0.00011168818974026764
467,eor.ge,0.00011166742803935963
1724,strdmi,0.00011155284231608773
488,eorcss,0.00011121198846338818
864,ldrshhi,0.00011080395465453623
360,cdplt,0.00011066583489557688
2646,vpmin.s32,0.00011036064967639308
418,cmp.ls,0.0001101495464972188
1275,push.le,0.00010989059259802826
1407,sha1h.32,0.00010966973521589547
540,ldcge,0.00010960170355393311
2840,vsub.mi.f32,0.00010940023940086993
1389,sbcsne,0.00010933819965695056
111,and.hi,0.00010890706480691216
2756,vsqrt.eq.f32,0.00010889594928108849
1420,smlabb.ne,0.00010888011069273574
1812,sub.le.w,0.00010885196529964171
2185,vcmpe.ne.f64,0.00010875734870248152
2405,vmla.mi.f64,0.00010804005253159159
2005,uxtab.cs,0.00010795200868927564
1222,orr.pl.w,0.00010794191469730755
962,mla.eq,0.00010790273952920351
794,ldrh.w.ls,0.00010767499358349621
2271,vcvtne.f32.f64,0.00010765086283851915
1705,strd.eq,0.00010762667020809193
821,ldrsb.ge.w,0.00010743612895005061
2837,vsub.ls.f64,0.0001071286469084169
2454,vmov.hi,0.00010693476854315647
762,ldrh.cc.w,0.00010676133873980457
143,andmis,0.00010657580796870032
2296,vdivlt.f64,0.00010656682235236517
1695,strbtpl,0.00010616509047225515
2071,uxth.pl.w,0.00010615230342322086
1726,strdpl,0.00010605255584508763
2720,vrsqrte.f32,0.0001059476705770237
2233,vcvt.ls.f64.s32,0.00010561922425667999
1272,push.ge,0.00010542358714319933
1821,sub.pl,0.00010533756597422696
284,blcs,0.00010513634889248237
1386,sbcsle,0.00010511429275768372
2059,uxth.hi.w,0.0001049829476222527
558,ldcne,0.00010440471744754109
1396,sbfx.le,0.00010434048524404061
2160,vcgt.u32,0.00010428905325129075
530,ittte,0.00010425026446629023
2363,vldrhi.64,0.00010361479278380116
1252,pkhtb.w,0.0001031786336836666
1247,orrvs,0.00010317500056916989
2266,vcvteq.f32.s32,0.00010315850945899175
2293,vdivge.f32,0.00010257004735662498
2334,vldr.cc.64,0.00010244985583014195
1837,subles,0.00010191543518646957
686,ldrb.hi,0.00010159657342675169
2123,vaddhn.i16,0.00010153844816812718
632,ldmibcc,0.00010149166722122625
2341,vldr.gt.64,0.00010130897525484915
553,ldclpl,0.00010113214961569662
2699,vrev64.16,0.00010109995325955853
1616,str.hi.w,0.000100576930868426
2144,vbif,0.00010008552005114328
2017,uxtb.cs.w,9.932595818834748e-05
2280,vdiv.ge.f32,9.926733098554606e-05
2247,vcvt.ne.f32.f64,9.88785148838123e-05
2396,vmla.gt.f32,9.877204534076655e-05
1189,orn.hi,9.870843740660058e-05
2596,vneg.lt.f32,9.869567174810449e-05
2573,vmull.s8,9.821962534920413e-05
1920,sxthgt,9.795611021720665e-05
981,mlami,9.751788451634016e-05
2537,vmrsvc,9.681136573886201e-05
40,add.mi.w,9.644826011298319e-05
180,asrs.w,9.637045734093766e-05
1995,uqsub8,9.612667548705653e-05
942,mcrcc,9.597789847379194e-05
2780,vst4.32,9.57566940566866e-05
1901,sxth.eq.w,9.569471932281772e-05
2245,vcvt.mi.u32.f32,9.537734692253614e-05
1350,rsbvc,9.503260150591575e-05
2237,vcvt.lt.s32.f32,9.489062215317968e-05
2409,vmla.pl.f64,9.462173194743201e-05
1234,orrles,9.458607777276771e-05
2605,vneg.s32,9.437052827442031e-05
657,ldr.gt.w,9.434772237978112e-05
1608,str.cs.w,9.389693754876329e-05
1984,umull.ne,9.362224767035167e-05
2401,vmla.ls.f32,9.356496304574089e-05
1486,ssateq,9.339259637769289e-05
2311,vhsub.s32,9.312625325671505e-05
142,andmi,9.278186013334876e-05
2760,vsqrt.hi.f64,9.273948861293888e-05
2239,vcvt.mi.f32.s32,9.267208500726567e-05
2174,vcmpe.gt.f64,9.185283551979289e-05
677,ldrb.cc.w,9.174713720088992e-05
366,clrex,9.167166544690103e-05
2834,vsub.le.f32,9.161480976949199e-05
527,ittee,9.155391055084188e-05
1460,smulbb.ne,9.145891929676271e-05
1297,reveq,9.13969810382018e-05
2023,uxtb.gt.w,9.088545991427548e-05
1485,ssat16,9.065077238299443e-05
1526,stm.ge,8.995701076992527e-05
1365,rscmi,8.98240220536696e-05
1595,stmibhi,8.954266421547595e-05
1979,umlalne,8.927028951893184e-05
4,adceqs,8.923815595208328e-05
2457,vmov.i16,8.91606234452915e-05
1957,ubfx.hi,8.90293337472268e-05
265,bicgt,8.864742657750252e-05
404,cmp.cc,8.849161350684102e-05
2779,vst4.16,8.819791381238244e-05
1493,stceq,8.800545213419541e-05
2628,vpadal.s16,8.761989274294739e-05
2816,vstrlt.64,8.761981166226512e-05
2504,vmovl.u8,8.743190444114447e-05
2798,vstr.mi.32,8.698138189906458e-05
1191,orn.lt.w,8.628467270580399e-05
1815,sub.lt,8.62225545506161e-05
2576,vmulls.f32,8.613748343024168e-05
528,ittet,8.610862928670194e-05
687,ldrb.hi.w,8.51897400703234e-05
2878,vuzp8,8.483185769817286e-05
2084,vabd.s16,8.453020743677321e-05
826,ldrsb.ls,8.452430117063363e-05
866,ldrshls,8.433043309681059e-05
673,ldr.vs.w,8.368885240439998e-05
2343,vldr.hi.64,8.33343914128132e-05
1562,stmdbmi,8.319995343305424e-05
748,ldrdls,8.258019474719794e-05
1391,sbcvs,8.18216141169895e-05
412,cmp.gt,8.081508803226101e-05
415,cmp.hi.w,8.08075655450507e-05
1596,stmible,8.06687504753536e-05
2242,vcvt.mi.f64.s32,8.054785476034094e-05
2578,vmullt.f64,8.031090375743695e-05
2380,vmax.s8,8.020999592667632e-05
575,ldmdaeq,7.955309687773976e-05
2462,vmov.le.f32,7.903454844577412e-05
2472,vmov.mi.f64,7.82564957766561e-05
2100,vadd.ge.f32,7.788280320259195e-05
2095,vacgt.f32,7.781699418771657e-05
2014,uxtb.cc,7.676989085313575e-05
2601,vneg.ne.f64,7.66795926369708e-05
2353,vldrcc.32,7.643545808448683e-05
365,cdpvs,7.568657282729256e-05
2416,vmlale.f64,7.550411989726411e-05
469,eor.gt,7.492464980075992e-05
2224,vcvt.hi.s32.f32,7.461545247165018e-05
357,cdpgt,7.452455552117423e-05
848,ldrsh.eq.w,7.43869857322992e-05
551,ldclmi,7.357687131037188e-05
586,ldmdavs,7.344149039467503e-05
2513,vmovlt.f64,7.316867026444433e-05
416,cmp.le,7.311193021140457e-05
567,ldm.le.w,7.294295739955763e-05
2286,vdiv.lt.f32,7.26942040535315e-05
1441,smlaltb,7.263209445776787e-05
1531,stm.mi,7.165181251422148e-05
2676,vqshl.s16,7.157163041557354e-05
2486,vmov.vs.f32,7.1485890799107e-05
2232,vcvt.le.u32.f64,7.100705322394707e-05
2012,uxtah.ls,7.04107346480119e-05
2717,vrshrn.16,7.028759490224216e-05
17,adcvs,7.011480794327607e-05
1510,stclvc,6.954979543824401e-05
1968,ubfxle,6.937360526245325e-05
283,blcc,6.884601912028394e-05
1469,smull.gt,6.722455881896887e-05
1125,mul.pl,6.494271252471104e-05
1042,movt.cs,6.459749438429619e-05
2735,vshl.u32,6.432329275156145e-05
2526,vmovvc,6.387432367879146e-05
2437,vmov.16,6.370742241061941e-05
923,lsr.hi.w,6.370494656913816e-05
1709,strd.le,6.366760829412957e-05
248,bic.le.w,6.306386834821845e-05
1076,movw.lt,6.227269341521544e-05
1710,strd.ls,6.202653576700806e-05
608,ldmia.eq,6.148428922685183e-05
92,adr.ne.w,6.0610540540885426e-05
1186,orn.cs,6.0216313271652455e-05
220,bfi.eq,6.0181903202593275e-05
2325,vld4.8,5.8827746026132774e-05
747,ldrdle,5.866793805645037e-05
1453,smlsdX,5.77189224319495e-05
1268,push.al,5.673404863648683e-05
370,clz.ge,5.6384352363755836e-05
34,add.le.w,5.576098997764104e-05
1370,rscvss,5.5711171391548695e-05
2487,vmov.vs.f64,5.533358228656703e-05
228,bfils,5.527122126121147e-05
2194,vcvt.cs.f64.u32,5.42890204550747e-05
838,ldrsbhi,5.423353121734473e-05
396,cmnge,5.4177681574848237e-05
1418,smlabb.ls,5.28044546280159e-05
1443,smlaltteq,5.261947695847476e-05
1566,stmdbvs,5.1362917943767704e-05
2175,vcmpe.hi.f32,5.0910661359070826e-05
947,mcrls,5.08931304678305e-05
2743,vshr.s16,4.8044640170239196e-05
363,cdppl,4.676948574891469e-05
598,ldmdbls,4.668721886655242e-05
595,ldmdbgt,4.6683543637579486e-05
277,bicpl,4.664188439827656e-05
32,add.hi.w,4.551859041411243e-05
2569,vmull.p64,4.4403469362745015e-05
559,ldcpl,4.3649521386048514e-05
481,eor.ne.w,4.1595919781314254e-05
1258,pop.cs,3.8739779377839755e-05
499,eorlss,3.752214032181188e-05
512,eorvs,3.733752859353209e-05
394,cmncs,3.7261960232467305e-05
362,cdpne,3.725862950879427e-05
20,add.al,3.7034707849074275e-05
534,ldah,3.6748054242782955e-05
246,bic.hi,3.638664288094669e-05
610,ldmia.gt,3.637337559060821e-05
477,eor.lt,3.5943436344742556e-05
159,asr.eq.w,3.5868225247937486e-05
239,bic.cs,3.5677478558416545e-05
244,bic.gt,3.5423694134817194e-05
554,ldcls,3.529735891123696e-05
154,andvss,3.394946551359412e-05
358,cdple,3.30460986561388e-05
532,lda,3.2395418839652215e-05
83,addw.pl,3.109327526807567e-05
992,mlsne,2.954326980546557e-05
560,ldcvc,2.845508742815561e-05
24,add.cs.w,2.684351962800956e-05
359,cdpls,2.5926306146168992e-05
342,bxmi,2.4441983088411714e-05
388,cmn.eq,2.269739650432861e-05
570,ldm.ne.w,2.213183662175502e-05
38,add.lt.w,1.9638871842319693e-05
77,addw.gt,1.762634278411685e-05
122,and.ne.w,1.6963002271592995e-05
241,bic.eq.w,1.4413754898695626e-05
157,asr.cs,1.4413325428650787e-05
163,asr.gt.w,1.440976564699829e-05
501,eorlts,1.439695889158249e-05
470,eor.gt.w,1.3073602669481787e-05
414,cmp.hi,5.937995299924564e-06
36,add.ls.w,4.711903925655529e-06
471,eor.hi,3.536960408235373e-06
8,adchis,3.277367705489423e-06
119,and.mi,1.6059672818761605e-06
541,ldcgt,6.65333973399006e-07
42,add.ne.w,4.22083247639785e-07
456,crc32b,3.3852171572822447e-07
383,clzls,1.522882551866629e-07
2,adccs,4.442130810368162e-08
115,and.ls,2.816971937887381e-08
511,eorvcs,1.2277949983474112e-08
486,eorccs,4.0020712314698945e-15
392,cmn.w,4.675373846081199e-16
76,addw.ge,2.1436972353523853e-16
215,bfc.mi,1.334545247361523e-16
254,bic.mi.w,8.226622432258324e-17
566,ldm.gt.w,8.19466296272641e-17
573,ldmdacc,5.240434812364803e-17
548,ldclgt,3.738781302608862e-17
79,addw.ls,2.9051269759302007e-17
391,cmn.ne,1.996560040957956e-17
473,eor.le,1.9410855242294194e-17
509,eors.w,1.806428632538522e-17
593,ldmdbeq,1.4659354612682472e-17
166,asr.le,9.620116942011472e-18
240,bic.eq,4.248408793053738e-18
353,cdpcc,3.3399939598719525e-18
455,cpyvc,2.4675004330340953e-18
203,b.vs,2.123921770451662e-18
72,addvss,1.6376972200786759e-18
492,eorges,1.4528076771767981e-18
222,bfi.ls,1.0092034625824587e-18
407,cmp.cs.w,8.244735133321829e-19
127,andccs,8.010306972674343e-19
102,and.cc,6.561248507332536e-19
227,bfige,5.697641036278378e-19
582,ldmdami,3.5745075817106675e-19
377,clzcc,2.3967680531419675e-19
118,and.lt.w,1.9442826680949542e-19
45,add.vc,1.6293416220170501e-19
66,addnes,1.2554035269789303e-19
50,addcss,6.263146496394339e-20
123,and.pl,5.060195863832538e-20
344,bxns,2.334821863059525e-20
175,asr.ne.w,0.0
225,bficc,0.0
482,eor.pl,0.0
413,cmp.gt.w,0.0
191,b.hi.w,0.0
483,eor.pl.w,0.0
165,asr.hi.w,0.0
167,asr.le.w,0.0
80,addw.lt,0.0
81,addw.mi,0.0
114,and.le.w,0.0
85,adr.cs,0.0
86,adr.eq,0.0
87,adr.ge,0.0
88,adr.hi,0.0
5,adcges,0.0
46,add.vs,0.0
176,asr.pl,0.0
56,addgts,0.0
58,addhis,0.0
62,addlts,0.0
18,adcvss,0.0
419,cmp.ls.w,0.0
472,eor.hi.w,0.0
479,eor.mi.w,0.0
475,eor.ls,0.0
474,eor.le.w,0.0
417,cmp.le.w,0.0
54,addges,0.0
174,asr.ne,0.0
592,ldmdbcs,0.0
16,adcvc,0.0
13,adcmis,0.0
12,adcmi,0.0
11,adclts,0.0
10,adclt,0.0
9,adcles,0.0
6,adcgt,0.0
91,adr.ne,0.0
7,adchi,0.0
588,ldmdb.gt,0.0
589,ldmdb.mi,0.0
177,asr.pl.w,0.0
591,ldmdbcc,0.0
164,asr.hi,0.0
596,ldmdbhi,0.0
564,ldm.eq.w,0.0
565,ldm.ge.w,0.0
568,ldm.lt.w,0.0
611,ldmia.hi,0.0
305,blx.gt,0.0
306,blx.ls,0.0
308,blxne,0.0
309,blxns,0.0
584,ldmdapl,0.0
585,ldmdavc,0.0
267,bichis,0.0
590,ldmdb.ne,0.0
183,b.cc.w,0.0
188,b.ge.w,0.0
223,bfi.mi,0.0
190,b.gt.w,0.0
224,bfi.ne,0.0
221,bfi.le,0.0
193,b.le.w,0.0
195,b.ls.w,0.0
201,b.pl.w,0.0
202,b.vc,0.0
217,bfceq,0.0
204,b.vs.w,0.0
214,bfc.ge,0.0
173,asr.mi.w,0.0
476,eor.ls.w,0.0
425,cmp.vc,0.0
421,cmp.lt.w,0.0
457,crc32ch,0.0
459,crc32w,0.0
462,eor.cc,0.0
463,eor.cc.w,0.0
464,eor.cs,0.0
420,cmp.lt,0.0
468,eor.ge.w,0.0
169,asr.ls.w,0.0
170,asr.lt,0.0
171,asr.lt.w,0.0
172,asr.mi,0.0
213,bfc.eq,0.0
229,bfilt,0.0
238,bic.cc,0.0
242,bic.ge,0.0
597,ldmdble,0.0
599,ldmdblt,0.0
600,ldmdbmi,0.0
602,ldmdbpl,0.0
120,and.mi.w,0.0
124,and.pl.w,0.0
134,andgts,0.0
136,andhis,0.0
138,andles,0.0
140,andlss,0.0
426,cmp.vs,0.0
96,adrne,0.0
98,aese.8,0.0
99,aesimc.8,0.0
100,aesmc.8,0.0
103,and.cc.w,0.0
104,and.cs,0.0
105,and.cs.w,0.0
107,and.eq.w,0.0
110,and.gt.w,0.0
112,and.hi.w,0.0
156,asr.cc.w,0.0
497,eorles,0.0
503,eormis,0.0
95,adrlt,0.0
374,clz.mi,0.0
373,clz.ls,0.0
272,biclts,0.0
274,bicmis,0.0
280,bicvs,0.0
613,ldmia.ls,0.0
549,ldclle,0.0
550,ldcllt,0.0
368,clz.cc,0.0
371,clz.gt,0.0
372,clz.hi,0.0
405,cmp.cc.w,0.0
612,ldmia.le,0.0
441,cpsie,0.0
378,clzcs,0.0
384,clzlt,0.0
386,clzpl,0.0
513,eorvss,0.0
533,ldaex,0.0
326,bx.le,0.0
329,bx.mi,0.0
331,bx.pl,0.0
332,bx.vc,0.0
346,bxvs,0.0
349,cbz.ls,0.0
258,bic.pl.w,0.0
437,cmpmi,0.0
440,cpsid,0.0
376,clz.pl,0.0
539,ldceq,0.0
543,ldclcc,0.0
603,ldmdbvc,0.0
604,ldmdbvs,0.0
606,ldmia.al,0.0
609,ldmia.ge,0.0
389,cmn.le,0.0
390,cmn.ls,0.0
393,cmncc,0.0
397,cmnhi,0.0
400,cmnlt,0.0
507,eorpls,0.0
510,eorvc,0.0
90,adr.ls,0.0
71,addvs,0.0
74,addw.cc,0.0
78,addw.le,0.0
147,andpls,0.0
151,andvc,0.0
152,andvcs,0.0
153,andvs,0.0
155,asr.cc,0.0
494,eorgts,0.0
160,asr.ge,0.0
161,asr.ge.w,0.0
162,asr.gt,0.0
574,ldmdacs,0.0
68,addpls,0.0
64,addmis,0.0
317,bvc.w,0.0
354,cdpcs,0.0
552,ldclne,0.0
556,ldclvs,0.0
562,ldm.cc.w,0.0
563,ldm.cs.w,0.0
82,addw.ne,0.0
116,and.ls.w,0.0
117,and.lt,0.0
576,ldmdage,0.0
577,ldmdagt,0.0
578,ldmdahi,0.0
263,biceqs,0.0
580,ldmdals,0.0
581,ldmdalt,0.0
583,ldmdane,0.0
269,bicles,0.0
250,bic.ls.w,0.0
94,adreq,0.0
243,bic.ge.w,0.0
245,bic.gt.w,0.0
247,bic.le,0.0
249,bic.ls,0.0
252,bic.lt.w,0.0
253,bic.mi,0.0
256,bic.ne.w,0.0
350,cbz.vc,0.0
579,ldmdale,0.0
